name,algorithm,is_depends,coin_url,github_link,miners,market_cap,volume,circulating_supply,emission
Bitcoin,ASIC - SHA256,true,https://miningpoolstats.stream/bitcoin,https://github.com/bitcoin/bitcoin,6354424,737.41B ,16.77B ,19.56M / 21M (93.1%),775 BTC ( 29.23M  )
Dogecoin,ASIC - Scrypt,true,https://miningpoolstats.stream/dogecoin,https://github.com/dogecoin/dogecoin,849566,11.58B ,836.03M ,142.04B / 142.04B (100.0%),13580000 DOGE ( 1.11M  )
Litecoin,ASIC - Scrypt,true,https://miningpoolstats.stream/litecoin,https://github.com/litecoin-project/litecoin,872229,5.13B ,198.1M ,73.93M / 84M (88.0%),3750 LTC ( 260.29K  )
Bitcoin Cash,ASIC - SHA256,false,https://miningpoolstats.stream/bitcoincash,https://gitlab.com/bitcoin-cash-node/bitcoin-cash-node,14623,4.35B ,92.52M ,19.57M / 21M (93.2%),856.3 BCH ( 190.24K  )
Monero,CPU - RandomX Variants,false,https://miningpoolstats.stream/monero,https://github.com/monero-project/monero,17240,3.09B ,54.9M ,18.36M,432.6 XMR ( 72.84K  )
Kaspa,GPU - Various Algo,false,https://miningpoolstats.stream/kaspa,https://github.com/kaspanet/kaspad,33532,2.8B ,28.67M ,21.73B / 28.5B (76.3%),13457960 KAS ( 1.73M  )
Ethereum Classic,ASIC - Ethash,false,https://miningpoolstats.stream/ethereumclassic,https://github.com/etclabscore/core-geth,38474,2.66B ,180.15M ,144.29M / 210.7M (68.5%),20167 ETC ( 374.1K  )
Bitcoin SV,ASIC - SHA256,false,,,124,,,,
eCash,ASIC - SHA256,true,https://miningpoolstats.stream/ecash,https://github.com/Bitcoin-ABC/bitcoin-abc,1714,559.33M ,3.51M ,19.57T / 21T (93.2%),843750000 XEC ( 24.12K  )
Conflux,GPU - Various Algo,false,https://miningpoolstats.stream/conflux,https://github.com/Conflux-Chain/conflux-rust,4056,515.84M ,25.95M ,3.46B / 5.44B (63.6%),297993 CFX ( 44.43K  )
Arweave,HDD - Proof of Capacity,false,https://miningpoolstats.stream/arweave,https://github.com/ArweaveTeam/arweave,90,,,65.45M / 66M (99.2%),?
Zilliqa,ASIC - Ethash,false,https://miningpoolstats.stream/zilliqa,https://github.com/Zilliqa/Zilliqa,16316,367.75M ,33.8M ,17.37B / 18.41B (94.4%),?
Dash,ASIC - X11,true,https://miningpoolstats.stream/dash,https://github.com/dashpay/dash,2586,347.32M ,50.26M ,11.56M / 18.92M (61.1%),1280 DASH ( 38.39K  )
EthereumPOW,ASIC - Ethash,false,https://miningpoolstats.stream/ethereumpow,https://github.com/ethereumpow/go-ethereum,3955,289.35M ,20.64M ,107.82M / ∞,?
Bitcoin Gold,GPU - Equihash,true,https://miningpoolstats.stream/bitcoingold,https://github.com/BTCGPU/BTCGPU,2005,278.02M ,2.94M ,17.51M / 21M (83.4%),?
Ravencoin,KawPow,false,,,,,,,
Siacoin,ASIC - Blake256 | Blake2B,false,https://miningpoolstats.stream/siacoin,https://github.com/SiaFoundation/renterd,3461,239.27M ,7.08M ,55.16B,?
Chia,HDD - Proof of Capacity,false,https://miningpoolstats.stream/chia,https://github.com/Chia-Network/chia-blockchain,53854,234.62M ,3.09M ,9.18M / 30.18M (30.4%),9271 XCH ( 236.87K  )
Zcash,Equihash,false,,,,,,,
Decred,GPU - Various Algo,false,https://miningpoolstats.stream/decred,https://github.com/decred/dcrd,0,226.34M ,1.75M ,15.67M / 21M (74.6%),2227 DCR ( 32.16K  )
Flux,GPU - Equihash,false,https://miningpoolstats.stream/flux,https://github.com/RunOnFlux/flux,3149,183.16M ,14.79M ,338.27M / 440M (76.9%),50588 FLUX ( 27.39K  )
Kadena,GPU - Blake2S | Blake2B | Keccak,false,https://miningpoolstats.stream/kadena,https://github.com/kadena-io/chainweb-node,5221,151.66M ,2.73M ,254.84M / 1B (25.5%),57592 KDA ( 34.27K  )
Horizen,ASIC - Equihash,true,https://miningpoolstats.stream/horizen,https://github.com/HorizenOfficial/zen,3877,142.04M ,8.05M ,14.4M / 14.4M (100.0%),3556 ZEN ( 35.1K  )
Nervos Network,ASIC - Various Algo,false,https://miningpoolstats.stream/nervos,https://github.com/nervosnetwork/ckb,2675,134.9M ,2.85M ,43.05B,6090530 CKB ( 19.08K  )
DigiByte,ASIC - SHA256,true,https://miningpoolstats.stream/digibyte-sha,https://github.com/digibyte/digibyte,735,126.23M ,3.69M ,16.67B / 21B (79.4%),2119550 DGB ( 16.05K  )
DigiByte,ASIC - Scrypt,true,https://miningpoolstats.stream/digibyte-scrypt,https://github.com/digibyte/digibyte,243,126.23M ,3.69M ,16.67B / 21B (79.4%),2119550 DGB ( 16.05K  )
DigiByte,ASIC - Groestl | Qubit | Skein | Quark,true,https://miningpoolstats.stream/digibyte-qubit,https://github.com/digibyte/digibyte,166,126.23M ,3.69M ,16.67B / 21B (79.4%),2119550 DGB ( 16.05K  )
DigiByte,ASIC - Groestl | Qubit | Skein | Quark,true,https://miningpoolstats.stream/digibyte-skein,https://github.com/digibyte/digibyte,0,126.23M ,3.69M ,16.67B / 21B (79.4%),2119550 DGB ( 16.05K  )
DigiByte,CPU - Various Algo,true,https://miningpoolstats.stream/digibyte-odocrypt,https://github.com/digibyte/digibyte,286,126.23M ,3.69M ,16.67B / 21B (79.4%),2119550 DGB ( 16.05K  )
VerusCoin,CPU - Various Algo,true,https://miningpoolstats.stream/veruscoin,https://github.com/veruscoin/veruscoin,6146,122.02M ,3.05K ,74.86M / 83.54M (89.6%),8373 VRSC ( 13.65K  )
Syscoin,MERGED Mining,true,https://miningpoolstats.stream/syscoin,https://github.com/syscoin/syscoin,805941,87.03M ,7.42M ,720.33M / 741.36M (97.2%),?
Ergo,GPU - Various Algo,false,https://miningpoolstats.stream/ergo,https://github.com/ergoplatform/ergo,8549,84.55M ,361.98K ,71.65M / 97.74M (73.3%),22341 ERG ( 26.36K  )
Dynexcoin,GPU - Various Algo,false,https://miningpoolstats.stream/dynexcoin,https://github.com/dynexcoin/Dynex,10673,,,77.7M / 100M (77.7%),84568 DNX ( 84.4K  )
QuarkChain,ASIC - Ethash,false,https://miningpoolstats.stream/quarkchain,https://github.com/QuarkChain/goquarkchain,35,74.52M ,1.91M ,6.92B / 10B (69.2%),414524 QKC ( 4.46K  )
Zephyr,CPU - RandomX Variants,false,https://miningpoolstats.stream/zephyr,https://github.com/ZephyrProtocol/Zephyr,18043,72.5M ,4.09M ,2.48M,8676 ZEPH ( 253.3K  )
Cortex,GPU - ProgPoW | Cuckoo,false,https://miningpoolstats.stream/cortex,https://github.com/CortexFoundation/CortexTheseus,1753,68.01M ,24.76M ,216.85M / 299.79M (72.3%),23476 CTXC ( 7.36K  )
Nexa,GPU - ProgPoW | Cuckoo,false,https://miningpoolstats.stream/nexa,https://gitlab.com/nexa/nexa,19317,57.3M ,1.5M ,0 / 4.18T (0.0%),?
Verge,ASIC - Scrypt,true,https://miningpoolstats.stream/verge-scrypt,https://github.com/vergecurrency/verge,5,,,16.52B / 16.56B (99.8%),?
Verge,ASIC - Lyra2REv2,true,https://miningpoolstats.stream/verge-lyra,https://github.com/vergecurrency/verge,2,56.82M ,2.84M ,16.52B / 16.56B (99.8%),?
Verge,ASIC - Groestl | Qubit | Skein | Quark,true,https://miningpoolstats.stream/verge-groestl,https://github.com/vergecurrency/verge,0,56.82M ,2.84M ,16.52B / 16.56B (99.8%),?
Verge,GPU - X21S | X17 | X15 | X14 | X13,true,https://miningpoolstats.stream/verge-x17,https://github.com/vergecurrency/verge,0,56.82M ,2.84M ,16.52B / 16.56B (99.8%),?
Verge,GPU - Blake2S | Blake2B | Keccak,true,https://miningpoolstats.stream/verge-blake2s,https://github.com/vergecurrency/verge,1,56.82M ,2.84M ,16.52B / 16.56B (99.8%),?
Clore,GPU - KawPow,false,https://miningpoolstats.stream/clore,https://gitlab.com/cloreai-public/blockchain,6228,49.91M ,10.6M ,222.29M / 1.3B (17.1%),?
Groestlcoin,ASIC - Groestl | Qubit | Skein | Quark,true,https://miningpoolstats.stream/groestlcoin,https://github.com/Groestlcoin/groestlcoin,1791,49.38M ,6.17M ,83.92M / 105M (79.9%),6865 GRS ( 4.04K  )
Dero,CPU - Various Algo,false,https://miningpoolstats.stream/dero,https://github.com/deroproject/derosuite,1574,47.93M ,9.91K ,14.1M / 18.4M (76.6%),2794 DERO ( 9.5K  )
Neurai,GPU - KawPow,true,https://miningpoolstats.stream/neurai,https://github.com/NeuraiProject/Neurai,8881,46.94M ,4.27M ,9.85B / 9.85B (100.0%),23375693 XNA ( 111.39K  )
MicroVisionChain,ASIC - SHA256,false,https://miningpoolstats.stream/microvisionchain,https://github.com/mvc-labs,15110,43.46M ,1.93M ,0 / 21M (0.0%),?
Zano,GPU - ProgPoW | Cuckoo,false,https://miningpoolstats.stream/zano,https://github.com/hyle-team/zano,781,40M ,17.44K ,14.01M / 18.4M (76.1%),1471 ZANO ( 4.13K  )
Pirate Chain,ASIC - Equihash,true,https://miningpoolstats.stream/piratechain,https://github.com/PirateNetwork/pirate,171,39.22M ,51.79K ,196.21M / 200M (98.1%),?
HyperCash,ASIC - Blake256 | Blake2B,false,https://miningpoolstats.stream/hypercash,https://github.com/HcashOrg/hcashd,0,5.16M ,415.46K ,49.74M / 84M (59.2%),3704 HC ( 383.97  )
Komodo,ASIC - Equihash,true,https://miningpoolstats.stream/komodo,https://github.com/KomodoPlatform/komodo,267,35.07M ,1.44M ,139.05M / 200M (69.5%),?
Monacoin,ASIC - Lyra2REv2,true,https://miningpoolstats.stream/monacoin,https://github.com/monacoinproject/monacoin,72,28.18M ,33.98K ,65.73M / 105.12M (62.5%),?
Alephium,GPU - Various Algo,false,https://miningpoolstats.stream/alephium,https://github.com/alephium/alephium,5754,26.81M ,672.07K ,57.57M / 163.03M (35.3%),?
BitcoinVault,ASIC - SHA256,true,https://miningpoolstats.stream/bitcoinvault,https://github.com/bitcoinvault/bitcoinvault,0,26.68M ,9.9K ,19.2M / 21M (91.4%),1788 BTCV ( 2.49K  )
Radiant,GPU - Various Algo,true,https://miningpoolstats.stream/radiant,https://github.com/RadiantBlockchain/radiant-node,12941,26.28M ,274.36K ,8.48B / 21B (40.4%),15500710 RXD ( 48.27K  )
Elastos,MERGED Mining,false,https://miningpoolstats.stream/elastos,https://github.com/elastos/Elastos.ELA,789941,25.93M ,351.1K ,21.36M / 24.9M (85.8%),?
OctaSpace,ASIC - Ethash,false,https://miningpoolstats.stream/octaspace,https://github.com/octaspace-project/go-octa,2165,21.69M ,546.5K ,24.57M / 48M (51.2%),17837 OCTA ( 15.61K  )
Firo,GPU - Various Algo,true,https://miningpoolstats.stream/firo,https://github.com/firoorg/firo,640,19.73M ,2.12M ,11.02M / 21.4M (51.5%),3888 FIRO ( 6.96K  )
Neoxa,GPU - KawPow,true,https://miningpoolstats.stream/neoxa,https://github.com/NeoxaChain/Neoxa,3241,17.34M ,194.15K ,4.02B / 21B (19.1%),7185098 NEOX ( 31.05K  )
Bitcoin Diamond,GPU - X21S | X17 | X15 | X14 | X13,true,https://miningpoolstats.stream/bitcoindiamond,https://github.com/eveybcd/BitcoinDiamond,0,15.31M ,53.98K ,208.24M / 210M (99.2%),7938 BCD ( 640.41  )
XeniosCoin,ASIC - X11,false,https://miningpoolstats.stream/xenioscoin,https://github.com/xeniosproject/xenioscoin,0,15.47M ,410.48K ,100.53M / 110M (91.4%),101.9 XNC ( 15.61  )
Dagger,CPU - RandomX Variants,false,https://miningpoolstats.stream/dagger,https://github.com/XDagger/xdagj,1557,15.21M ,35.2K ,1.23B / 1.45B (84.9%),86400 XDAG ( 1.05K  )
Hathor,ASIC - SHA256,false,https://miningpoolstats.stream/hathor,https://github.com/HathorNetwork/hathor-core,11,12.91M ,325.5K ,248.92M / 869.46M (28.6%),23160 HTR ( 1.2K  )
MimbleWimble,GPU - ProgPoW | Cuckoo,false,https://miningpoolstats.stream/mimblewimble,https://github.com/mwcproject/mwc-node,117,12.69M ,8.32K ,10.94M / 10.94M (100.0%),143.1 MWC ( 166  )
Nimiq,CPU - Argon2d | Argon2i,false,https://miningpoolstats.stream/nimiq,https://github.com/nimiq-network/core,9264,12.47M ,311.29K ,11.42B / 8.89B (128.5%),3162800 NIM ( 3.45K  )
Handshake,GPU - Various Algo,false,https://miningpoolstats.stream/handshake,https://github.com/handshake-org/hsd,752,11.85M ,62.08K ,618.24M / 2.04B (30.3%),138602 HNS ( 2.65K  )
BLOCX,ASIC - X11,false,https://miningpoolstats.stream/blocx,,703,,,,
Quantum R L,CPU - RandomX Variants,false,https://miningpoolstats.stream/quantumrl,https://github.com/theQRL/QRL,177,9.82M ,24.83K ,77.69M / 105M (74.0%),2346 QRL ( 295.05  )
GoldCoin,ASIC - Scrypt,true,https://miningpoolstats.stream/goldcoin,https://github.com/goldcoin/goldcoin,17,9.76M ,113.74 ,44.45M / 72.25M (61.5%),?
e-Gulden,ASIC - Scrypt,true,https://miningpoolstats.stream/egulden,https://github.com/Electronic-Gulden-Foundation/egulden,7,9.54M ,154.05 ,21M / 21M (100.0%),4.48 EFL ( 2.04  )
Aeternity,GPU - ProgPoW | Cuckoo,false,https://miningpoolstats.stream/aeternity,https://github.com/aeternity/aeternity,138,9.4M ,530.24K ,420.04M / 536.31M (78.3%),29402 AE ( 655.98  )
Raptoreum,CPU - GhostRider,true,https://miningpoolstats.stream/raptoreum,https://github.com/Raptor3um/Raptoreum,6661,7.78M ,56.89K ,3.54B / 21B (16.9%),3453840 RTM ( 7.67K  )
Qitmeer,GPU - Blake2S | Blake2B | Keccak,false,https://miningpoolstats.stream/qitmeer-keccak,https://github.com/Qitmeer/qitmeer,464,7.7M ,188.84K ,75.23M / 210.24M (35.8%),29999 MEER ( 3.07K  )
LBRY Credits,ASIC - Various Algo,true,https://miningpoolstats.stream/lbry,https://github.com/lbryio/lbrycrd,1771,7.31M ,16.81K ,654.24M / 1.08B (60.4%),?
Beam,GPU - Various Algo,false,https://miningpoolstats.stream/beam,https://github.com/beam-mw/beam,453,7.24M ,700.15K ,148.15M / 262.8M (56.4%),?
Peercoin,ASIC - SHA256,true,https://miningpoolstats.stream/peercoin,https://github.com/peercoin/peercoin,714,7.15M ,17.22K ,28.5M / 27.24M (104.6%),3593 PPC ( 900.71  )
EarthCoin,ASIC - Scrypt,true,https://miningpoolstats.stream/earthcoin,https://github.com/Sandokaaan/Earthcoin,3147,7.13M ,74.06 ,12.91B / 13.5B (95.7%),51690 EAC ( 28.53  )
Epic Cash,GPU - ProgPoW | Cuckoo,false,https://miningpoolstats.stream/epiccash-progpow,https://github.com/epiccash/epic,440,6.94M ,3.63K ,17.02M / 21M (81.1%),2904 EPIC ( 1.18K  )
Epic Cash,GPU - ProgPoW | Cuckoo,false,https://miningpoolstats.stream/epiccash-cuckoo,https://github.com/epiccash/epic,19,6.94M ,3.63K ,17.02M / 21M (81.1%),2904 EPIC ( 1.18K  )
Epic Cash,CPU - RandomX Variants,false,https://miningpoolstats.stream/epiccash-randomx,https://github.com/epiccash/epic,1031,6.94M ,3.63K ,17.02M / 21M (81.1%),2904 EPIC ( 1.18K  )
SatoxCoin,GPU - KawPow,true,https://miningpoolstats.stream/satoxcoin,https://github.com/satoverse/satoxcoin,611,6.15M ,259.74K ,4.44B / 8B (55.5%),429120 SATOX ( 594.76  )
ScPrime,ASIC - Blake256 | Blake2B,false,https://miningpoolstats.stream/scprime,https://gitlab.com/scpcorp/ScPrime,308,5.52M ,1.12K ,45.2M / 55M (82.2%),?
Grin,GPU - ProgPoW | Cuckoo,false,https://miningpoolstats.stream/grin,https://github.com/mimblewimble/grin,1505,5.29M ,848.33K ,153.27M,88200 GRIN ( 3.04K  )
MintMe.com Coin,GPU - Lyra2 Variants,false,https://miningpoolstats.stream/mintmecoin,https://github.com/mintme-com/webchaind,75,4.76M ,110.04K ,540.04M / 540.04M (100.0%),6120 MINTME ( 53.97  )
Diabase,ASIC - X11,true,https://miningpoolstats.stream/diabase,https://github.com/diabasecoin/diabase,362,4.68M ,209.56K ,485.63K / 3.6M (13.5%),4535 DIAC ( 43.72K  )
Haven,GPU - CryptoNight Variants,false,https://miningpoolstats.stream/haven,https://github.com/haven-protocol-org,371,4.45M ,15.32K ,17.92M / 32.22M (55.6%),1904 XHV ( 472.76  )
Lynx,ASIC - Scrypt,true,https://miningpoolstats.stream/lynx,https://github.com/getlynx/Lynx,0,4.38M ,73.33 ,77.87B / 92B (84.6%),30 LYNX ( 0  )
Starcoin,GPU - CryptoNight Variants,false,https://miningpoolstats.stream/starcoin,https://github.com/starcoinorg/starcoin,2341,4.27M ,24.05K ,0 / 325.87M (0.0%),?
PowBlocks,ASIC - Ethash,false,https://miningpoolstats.stream/powblocks,https://github.com/PowBlocks/go-PowBlocks,3159,3.92M ,260.96K ,0 / 40M (0.0%),?
Aeon,GPU - Various Algo,false,https://miningpoolstats.stream/aeon,https://github.com/aeonix/aeon,17,3.81M ,6.46K ,18M / 18.4M (97.9%),?
Novo,GPU - SHA | Skunk | TimeTravel,true,https://miningpoolstats.stream/novo,https://github.com/novochain/novo,2106,3.71M ,235.35K ,640.25B / 840B (76.2%),792830500 NOVO ( 4.6K  )
Litecoin Cash,ASIC - SHA256,true,https://miningpoolstats.stream/litecoincash-sha,https://github.com/litecoincash-project/litecoincash,659,3.38M ,68.96 ,794.75M / 840M (94.6%),36063 LCC ( 153.59  )
Litecoin Cash,CPU - Various Algo,true,https://miningpoolstats.stream/litecoincash-minotaurx,https://github.com/litecoincash-project/litecoincash,2612,3.38M ,68.96 ,794.75M / 840M (94.6%),36063 LCC ( 153.59  )
Skydoge,GPU - Various Algo,true,https://miningpoolstats.stream/skydoge,https://github.com/skydogenet/mainchain,700,3.31M ,35.13K ,34.66B,69700000 SKYDOGE ( 6.66K  )
Xaya,GPU - NeoScrypt,true,https://miningpoolstats.stream/xaya-neoscrypt,https://github.com/xaya/xaya,64,3.12M ,10.32K ,57.61M / 77.3M (74.5%),?
Xaya,MERGED Mining,true,https://miningpoolstats.stream/xaya-sha,https://github.com/xaya/xaya,30351,3.12M ,10.32K ,57.61M / 77.3M (74.5%),?
Monero Classic,ASIC - CryptoNight,false,https://miningpoolstats.stream/moneroclassic,https://github.com/monero-classic/monero,30,2.89M ,13.81K ,9.57M / 18.4M (52.0%),7290 XMC ( 2.2K  )
Frencoin,GPU - KawPow,true,https://miningpoolstats.stream/frencoin,https://github.com/Apushii/Frencoin,1029,2.93M ,231.46K ,393.31B,179342300 FREN ( 1.33K  )
Fedoracoin,ASIC - Scrypt,false,https://miningpoolstats.stream/fedoracoin,https://github.com/jojapoppa/fedoratipscoin,4,2.9M ,35.46K ,553.43B,?
Gleec Coin,ASIC - SHA256,true,https://miningpoolstats.stream/gleeccoin,https://github.com/Gleecs/GleecBTC-FullNode-Win-Mac-Linux,0,2.81M ,159.29K ,20.86M / 210M (9.9%),?
Signa,HDD - Proof of Capacity,false,https://miningpoolstats.stream/signa,https://github.com/signum-network/signum-node,369,2.72M ,39.27K ,0 / 2.16B (0.0%),?
42-coin,ASIC - Scrypt,false,https://miningpoolstats.stream/42coin,https://github.com/42-coin/42,2,,,42 / 42 (100.0%),?
Callisto Network,ASIC - Ethash,false,https://miningpoolstats.stream/callisto,https://github.com/EthereumCommonwealth/go-callisto,57,2.2M ,23.64K ,3.41B / 6.5B (52.4%),3038250 CLO ( 1.96K  )
Ycash,GPU - Equihash,true,https://miningpoolstats.stream/ycash,https://github.com/ycashfoundation/ycash,691,2.06M ,5.71K ,14.45M / 21M (68.8%),3597 YEC ( 512.65  )
Lyncoin,MERGED Mining,true,https://miningpoolstats.stream/lyncoin,https://github.com/lyncoin/lyncoin,31003,,,13.6B / 90.72B (15.0%),19311060 LCN ( 3.06K  )
Zclassic,GPU - Equihash,true,https://miningpoolstats.stream/zclassic,https://github.com/ZClassicCommunity/zclassic,522,1.88M ,11.76K ,27.25M / 11.46M (237.7%),13988 ZCL ( 964.72  )
Emercoin,MERGED Mining,true,https://miningpoolstats.stream/emercoin,https://github.com/emercoin/emercoin,821882,1.74M ,0.02 ,48.12M / 1B (4.8%),?
Nexus,GPU - Various Algo,false,https://miningpoolstats.stream/nexus,https://github.com/Nexusoft/LLL-TAO,466,1.69M ,2.42K ,77.31M / 74.08M (104.4%),6361 NXS ( 139.11  )
BitcoinZ,GPU - Equihash,true,https://miningpoolstats.stream/bitcoinz,https://github.com/btcz/bitcoinz,728,1.67M ,31.19K ,12.6B / 21B (60.0%),?
Kylacoin,GPU - SHA | Skunk | TimeTravel,true,https://miningpoolstats.stream/kylacoin,https://github.com/kylacoin/kylacoin,143,1.65M ,65.2K ,4.28K / 21K (20.4%),7.595 KCN ( 2.91K  )
PepePow,GPU - Various Algo,false,https://miningpoolstats.stream/pepepow,https://github.com/MattF42/PePe-core,224,1.55M ,36.23K ,26.1B / 90B (29.0%),20775000 PEPEW ( 1.26K  )
Kiiro Coin,GPU - Various Algo,true,https://miningpoolstats.stream/kiirocoin,https://github.com/Kiirocoin/kiiro,681,1.58M ,45.51K ,2.5M / 1.76M (142.0%),18850 KIIRO ( 11.9K  )
MeowCoin,GPU - KawPow,true,https://miningpoolstats.stream/meowcoin,https://github.com/JustAResearcher/Meowcoin,1540,1.49M ,15.43K ,2.61B / 21B (12.4%),?
Super Zero,GPU - ProgPoW | Cuckoo,false,https://miningpoolstats.stream/superzero,https://github.com/sero-cash/go-sero,36,1.49M ,447.86K ,407.94M / 650M (62.8%),34448 SERO ( 125.73  )
Startcoin,ASIC - X11,false,https://miningpoolstats.stream/startcoin,https://github.com/startcoin-project/startcoin,0,,,82.45M / 84M (98.2%),?
Espers,GPU - PHI2 | C11 | HMQ1725,false,https://miningpoolstats.stream/espers,https://github.com/cryptocoderz/espers,0,1.43M ,899.17 ,27.51B / 50B (55.0%),99500 ESP ( 5.16  )
Vertcoin,GPU - Various Algo,true,https://miningpoolstats.stream/vertcoin,https://github.com/vertcoin/vertcoin,736,1.36M ,60.02K ,68.18M / 84M (81.2%),6800 VTC ( 133.51  )
WorldCoin,ASIC - Scrypt,true,https://miningpoolstats.stream/worldcoin,https://github.com/OfficialWorldcoinGlobal/Worldcoin,3795,1.29M ,196.96 ,144.8M / 265M (54.6%),3022 WDC ( 26.96  )
Bitcoin-sCrypt,ASIC - Scrypt,false,https://miningpoolstats.stream/bitcoinscrypt,https://github.com/Bitcoin-sCrypt/Bitcoin-sCrypt,0,1.33M ,27.1 ,19.61M / 21M (93.4%),?
traaitt,CPU - Argon2d | Argon2i,false,https://miningpoolstats.stream/traaitt,https://github.com/TRRXITTE/traaitt,15,1.32M ,129.59 ,3.22T / 8T (40.3%),269555000 XTE ( 110.57  )
Waltonchain,GPU - Various Algo,false,https://miningpoolstats.stream/waltonchain,,27,,,,
Unobtanium,MERGED Mining,true,https://miningpoolstats.stream/unobtanium,https://github.com/unobtanium-official/Unobtanium,0,1.26M ,0.72 ,208.19K / 250K (83.3%),4.65 UNO ( 28.04  )
Canxium,ASIC - Ethash,false,https://miningpoolstats.stream/canxium,https://github.com/canxium/go-canxium,812,1.24M ,41.14K ,0 / 533.36K (0.0%),?
Scala,CPU - Various Algo,false,https://miningpoolstats.stream/scala,https://github.com/scala-network/scala,331,1.17M ,7.28K ,0 / 21B (0.0%),?
Qwertycoin,ASIC - CryptoNight,false,https://miningpoolstats.stream/qwertycoin,https://github.com/qwertycoin-org/qwertycoin,19,1.43M ,1.71K ,159.09B / 184.47B (86.2%),?
DimeCoin,ASIC - Groestl | Qubit | Skein | Quark,true,https://miningpoolstats.stream/dimecoin,https://github.com/dime-coin/dimecoin,36,1.12M ,235.2 ,570.82B / 539B (105.9%),24749700 DIME ( 48.51  )
Garlicoin,GPU - Allium | Tribus | bmw512,true,https://miningpoolstats.stream/garlicoin,https://github.com/GarlicoinOrg/Garlicoin,147,1.12M ,90.99 ,68.2M / 69M (98.8%),1641 GRLC ( 26.85  )
Dingocoin,MERGED Mining,true,https://miningpoolstats.stream/dingocoin,https://github.com/dingocoincrypto/dingocoin,3803,1.11M ,51.8K ,105.87B / 103.19B (102.6%),13874800 DINGO ( 144.85  )
NewYorkCoin,MERGED Mining,true,https://miningpoolstats.stream/newyorkcoin,https://github.com/NewYorkCoin-NYC/nycoin,3764,1.09M ,79.55 ,143.91B / 100B (143.9%),?
Infinitecoin,ASIC - Scrypt,true,https://miningpoolstats.stream/infinitecoin,https://github.com/infinitecoin-project/infinitecoin,21,1.09M ,40.79 ,91.77B,2253000 IFC ( 26.65  )
Conceal,GPU - CryptoNight Variants,false,https://miningpoolstats.stream/conceal,https://github.com/ConcealNetwork/conceal-core,2268,1.07M ,95.22 ,21.79M / 200M (10.9%),?
GlobalBoost-Y,GPU - Yescrypt,true,https://miningpoolstats.stream/globalboost,https://github.com/GlobalBoost/GlobalBoost-Y,487,1.06M ,176.34 ,20.17M / 21M (96.1%),?
Aion,GPU - Equihash,false,https://miningpoolstats.stream/aion,https://github.com/aionnetwork/aion,40,975.62K ,562.12 ,527.22M / 487.5M (108.1%),37658 AION ( 69.68  )
MazaCoin,ASIC - SHA256,true,https://miningpoolstats.stream/mazacoin-sha,https://github.com/MazaCoin/maza,15,956.65K ,269.24 ,2.22B / 2.42B (91.9%),216562 MAZA ( 93.22  )
MazaCoin,CPU - Various Algo,true,https://miningpoolstats.stream/mazacoin-minotaurx,https://github.com/MazaCoin/maza,125,956.65K ,269.24 ,2.22B / 2.42B (91.9%),216187 MAZA ( 93.06  )
DeepOnion,GPU - X21S | X17 | X15 | X14 | X13,true,https://miningpoolstats.stream/deeponion,https://github.com/deeponion/deeponion,129,944.22K ,142.58 ,22.97M / 25M (91.9%),15177 ONION ( 623.77  )
Metaverse,ASIC - Ethash,false,https://miningpoolstats.stream/metaverse,https://github.com/mvs-org/metaverse,10,824.19K ,26.09K ,84.35M / 100M (84.4%),?
Subi Network,CPU - GhostRider,true,https://miningpoolstats.stream/subinetwork,https://github.com/subinetwork/subi,2925,819.64K ,86.48K ,96.82M,3535000 SUBI ( 29.93K  )
Hawaii Coin,ASIC - Groestl | Qubit | Skein | Quark,false,https://miningpoolstats.stream/hawaiicoin,https://github.com/MeetingInHawaii/HWI-Source,6,805.12K ,27.32 ,9.84M / 5M (196.8%),21363 HWI ( 1.75K  )
Ryo Currency,GPU - CryptoNight Variants,false,https://miningpoolstats.stream/ryo,https://github.com/ryo-currency/ryo-currency,114,788.97K ,645.38 ,49.26M / 88.19M (55.9%),11725 RYO ( 187.78  )
WoodCoin,GPU - Various Algo,false,https://miningpoolstats.stream/woodcoin,https://github.com/funkshelper/woodcoin,30,770.51K ,53.62 ,9.88M / 27.6M (35.8%),?
Hacash,CPU - Various Algo,false,https://miningpoolstats.stream/hacash,https://github.com/hacash,0,837.18K ,42.46K ,528.44K,2198 HAC ( 3.45K  )
Coinye,ASIC - Scrypt,true,https://miningpoolstats.stream/coinye,https://github.com/bityecoin/coinyecoin,0,746.34K ,0 ,133.33B / 133.33B (100.0%),?
Decred-Next,ASIC - Blake256 | Blake2B,false,https://miningpoolstats.stream/decrednext,https://github.com/Decred-Next/binary-release,0,735.86K ,10K ,7.12M,2152 DCRN ( 222.54  )
Gemlink,GPU - Equihash,true,https://miningpoolstats.stream/gemlink,https://github.com/gemlink/gemlink,760,,,79.89M / 160M (49.9%),43290 GLINK ( 379.14  )
ExchangeCoin,GPU - Equihash,false,https://miningpoolstats.stream/exchangecoin,https://github.com/EXCCoin/exilibrium,9,683.08K ,239.65K ,29.48M / 32M (92.1%),2338 EXCC ( 54.25  )
Auroracoin,ASIC - SHA256,true,https://miningpoolstats.stream/auroracoin-sha,https://github.com/aurarad/auroracoin,781,669.88K ,517.46 ,15.3M / 21M (72.9%),894.4 AUR ( 39.16  )
Auroracoin,ASIC - Scrypt,true,https://miningpoolstats.stream/auroracoin-scrypt,https://github.com/aurarad/auroracoin,272,669.88K ,517.46 ,15.3M / 21M (72.9%),894.4 AUR ( 39.16  )
Auroracoin,ASIC - Groestl | Qubit | Skein | Quark,true,https://miningpoolstats.stream/auroracoin-groestl,https://github.com/aurarad/auroracoin,12,669.88K ,517.46 ,15.3M / 21M (72.9%),894.4 AUR ( 39.16  )
Auroracoin,ASIC - Groestl | Qubit | Skein | Quark,true,https://miningpoolstats.stream/auroracoin-qubit,https://github.com/aurarad/auroracoin,27,669.88K ,517.46 ,15.3M / 21M (72.9%),894.4 AUR ( 39.16  )
Auroracoin,ASIC - Groestl | Qubit | Skein | Quark,true,https://miningpoolstats.stream/auroracoin-skein,https://github.com/aurarad/auroracoin,5,669.88K ,517.46 ,15.3M / 21M (72.9%),894.4 AUR ( 39.16  )
Smileycoin,ASIC - SHA256,true,https://miningpoolstats.stream/smileycoin-sha,https://github.com/smileycoin/smileyCoin,0,662.28K ,51.57 ,15.81B / 48B (32.9%),?
Smileycoin,ASIC - Scrypt,true,https://miningpoolstats.stream/smileycoin-scrypt,https://github.com/smileycoin/smileyCoin,0,662.28K ,51.57 ,15.81B / 48B (32.9%),?
Smileycoin,ASIC - Groestl | Qubit | Skein | Quark,true,https://miningpoolstats.stream/smileycoin-groestl,https://github.com/smileycoin/smileyCoin,0,662.28K ,51.57 ,15.81B / 48B (32.9%),?
Smileycoin,ASIC - Groestl | Qubit | Skein | Quark,true,https://miningpoolstats.stream/smileycoin-qubit,https://github.com/smileycoin/smileyCoin,0,662.28K ,51.57 ,15.81B / 48B (32.9%),?
Smileycoin,ASIC - Groestl | Qubit | Skein | Quark,true,https://miningpoolstats.stream/smileycoin-skein,https://github.com/smileycoin/smileyCoin,0,662.28K ,51.57 ,15.81B / 48B (32.9%),?
Fsociety,CPU - GhostRider,true,https://miningpoolstats.stream/fsociety,https://github.com/fsocietychain/fsociety,234,623.47K ,34.06K ,724.58M / 21B (3.5%),3555000 FSC ( 3.06K  )
Veil,ASIC - SHA256,true,https://miningpoolstats.stream/veil-sha,https://github.com/Veil-Project/veil,0,734.6K ,39.16 ,154.63M / 154.63M (100.0%),14090 VEIL ( 66.96  )
Veil,GPU - ProgPoW | Cuckoo,true,https://miningpoolstats.stream/veil-progpow,https://github.com/Veil-Project/veil,0,734.6K ,39.16 ,154.63M / 154.63M (100.0%),14090 VEIL ( 66.96  )
Veil,CPU - RandomX Variants,true,https://miningpoolstats.stream/veil-randomx,https://github.com/Veil-Project/veil,6,734.6K ,39.16 ,154.63M / 154.63M (100.0%),14090 VEIL ( 66.96  )
MecuAI,CPU - GhostRider,true,https://miningpoolstats.stream/mecuai,https://github.com/mecuai/mecuai,2554,643.85K ,38.03K ,3.71M,52248 MECU ( 8.99K  )
Deutsche eMark,ASIC - SHA256,false,https://miningpoolstats.stream/deutscheemark,https://github.com/emarkproject/eMark,773,621.61K ,149.37 ,156.57M / 210M (74.6%),18059 DEM ( 71.7  )
Bitcore,GPU - Various Algo,true,https://miningpoolstats.stream/bitcore,https://github.com/LIMXTEC/BitCore,87,612.67K ,8.6 ,19.41M / 21M (92.4%),814.1 BTX ( 25.69  )
Phoenixcoin,GPU - NeoScrypt,false,https://miningpoolstats.stream/phoenixcoin,https://github.com/ghostlander/Phoenixcoin,45,608.86K ,8.99 ,89.72M / 98M (91.5%),6438 PXC ( 43.72  )
UFOCoin,GPU - NeoScrypt,true,https://miningpoolstats.stream/ufocoin,https://github.com/UFOCoins/ufo,0,595.95K ,0.19 ,3.95B / 4B (98.8%),31086 UFO ( 4.69  )
Stohn Coin,ASIC - Scrypt,true,https://miningpoolstats.stream/stohncoin,https://github.com/StohnIO/Stohncoin,1329,576.67K ,139.72K ,15.66M / 15.66M (100.0%),26300 SOH ( 968.38  )
GamePass,GPU - KawPow,true,https://miningpoolstats.stream/gamepass,https://github.com/GamepassNetwork/Gamepass,907,561.39K ,12.61K ,595.87M,2685667 GPN ( 2.53K  )
Vanillacash,GPU - PHI2 | C11 | HMQ1725,false,https://miningpoolstats.stream/vanillacash,https://github.com/WikiMin3R/Vanillacash,0,559.88K ,1.04 ,13.25M / 30.7M (43.1%),?
SmartCash,GPU - Blake2S | Blake2B | Keccak,true,https://miningpoolstats.stream/smartcash,https://github.com/SmartCash/Core-Smart,2,701.25K ,53.93 ,2.95B / 5B (59.1%),?
YadaCoin,CPU - RandomX Variants,false,https://miningpoolstats.stream/yadacoin,https://github.com/pdxwebdev/yadacoin,81,558.88K ,3.69K ,16.31M / 21M (77.7%),1888 YDA ( 64.69  )
FuerteCoin,CPU - GhostRider,true,https://miningpoolstats.stream/fuertecoin,https://github.com/GitFuec/fuertecoin,2549,456.61K ,86.2K ,266.02M,2505000 FUEC ( 4.23K  )
StakeCubeCoin,GPU - Various Algo,true,https://miningpoolstats.stream/stakecubecoin,https://github.com/stakecube/StakeCubeCoin,28,513.06K ,3.68K ,13.64M / 18M (75.8%),4518 SCC ( 169.97  )
Reaction,CPU - GhostRider,true,https://miningpoolstats.stream/reaction,https://github.com/ReactionChain/ReactionCore,3372,508.22K ,36.25K ,295.8M / 295.75M (100.0%),3540000 RTC ( 6.08K  )
Riecoin,CPU - Various Algo,true,https://miningpoolstats.stream/riecoin,https://github.com/riecointeam/riecoin,13,493.86K ,90.43 ,65.5M / 84M (78.0%),7425 RIC ( 55.99  )
Sumokoin,GPU - CryptoNight Variants,false,https://miningpoolstats.stream/sumokoin,https://github.com/sumoprojects/sumokoin,771,461.66K ,2.66K ,27.57M / 88.89M (31.0%),?
Viacoin,MERGED Mining,true,https://miningpoolstats.stream/viacoin,https://github.com/viacoin/viacoin,3020,450.43K ,429.36 ,23.17M,?
MotaCoin,GPU - X21S | X17 | X15 | X14 | X13,true,https://miningpoolstats.stream/motacoin,http://github.com/Jahvinci/Motacoin,0,446.17K ,128.02 ,70.72M / 100M (70.7%),310.2 MOTA ( 1.96  )
Tidecoin,CPU - YesPoWer,true,https://miningpoolstats.stream/tidecoin,https://github.com/tidecoin/tidecoin,140,449.71K ,175.55 ,17.04M / 21M (81.2%),3170 TDC ( 83.54  )
Dogmcoin,ASIC - Scrypt,true,https://miningpoolstats.stream/dogmcoin,https://github.com/dogmcoin/dogmcoin,26,424.42K ,36.22 ,141.47B,13590000 DOGM ( 40.77  )
Mass,HDD - Proof of Capacity,false,https://miningpoolstats.stream/mass,,352,,,,
Hush,ASIC - Equihash,false,https://miningpoolstats.stream/hush,https://git.hush.is/hush/hush3,75,395.75K ,22.93 ,13.83M / 21M (65.8%),?
Euno,X11,false,,,,,,,
Equilibria,ASIC - X11,true,https://miningpoolstats.stream/euno,https://github.com/Euno/eunowallet,0,393.24K ,74.29 ,7.04B / 8B (88.1%),461824 EUNO ( 25.78  )
BitNet,ASIC - SHA256,true,https://miningpoolstats.stream/bitnet,https://github.com/bitnet-io/bitnet-core,858,688.52K ,572.76 ,872.78M,?
Sugarchain,CPU - YesPoWer,true,https://miningpoolstats.stream/sugarchain,https://github.com/sugarchain-project/sugarchain,159,360.36K ,2.1K ,734.95M / 1.07B (68.4%),?
Osinpay,CPU - GhostRider,true,https://miningpoolstats.stream/osinpay,https://github.com/deosin/osin,2617,368.96K ,26.84K ,57.4M,1668000 OSN ( 10.72K  )
CoinTAFT,CPU - GhostRider,true,https://miningpoolstats.stream/cointaft,https://github.com/TaftProject/cointaft,2423,322.56K ,54.69K ,877.43M,3540000 TAFT ( 1.3K  )
Maxeter,CPU - GhostRider,true,https://miningpoolstats.stream/maxeter,https://github.com/maxeteristy/maxeter,2802,314.27K ,18.25K ,34.29M,829800 MAXE ( 7.6K  )
VeriBlock,GPU - ProgPoW | Cuckoo,false,https://miningpoolstats.stream/veriblock,https://github.com/VeriBlock/nodecore-releases,0,468.35K ,194.02 ,815.16M / 1.24B (65.6%),8704 VBK ( 3.28  )
PluraCoin,ASIC - CryptoNight,false,https://miningpoolstats.stream/pluracoin,https://github.com/pluracoin/PluraCoin,2,297.96K ,9.76K ,946M / 1B (94.6%),73698 PLURA ( 23.21  )
Etica,ASIC - Ethash,false,https://miningpoolstats.stream/etica,https://github.com/etica/core-geth,237,295.15K ,27.35K ,2.99M,13712 EGAZ ( 1.35K  )
BiblePay,CPU - RandomX Variants,true,https://miningpoolstats.stream/biblepay,https://github.com/biblepay/biblepay-evolution,0,279.4K ,50.09 ,3.5B / 5.1B (68.6%),750657 BBP ( 60.01  )
Chives,HDD - Proof of Capacity,false,https://miningpoolstats.stream/chives,https://github.com/HiveProject2021/chives-blockchain,103,278.96K ,246.92 ,806.16M / 4.79B (16.8%),919200 XCC ( 318.16  )
GainProX,CPU - GhostRider,true,https://miningpoolstats.stream/gainprox,https://github.com/gprotocolx/gainprox,272,270.48K ,12.64K ,398.84M,3610000 GPRX ( 2.45K  )
Paprikacoin,GPU - KawPow,true,https://miningpoolstats.stream/paprikacoin,https://github.com/paprika-network/paprikacoin,794,219.5K ,25.11K ,24.42M,86820 PAPRY ( 787.28  )
Fennec,CPU - Yescrypt,false,https://miningpoolstats.stream/fennec,https://github.com/FennecBlockchain/Fennec,111,266.33K ,3.63K ,7.58M,3413 FNNC ( 119.92  )
RussellCoin,GPU - X21S | X17 | X15 | X14 | X13,true,https://miningpoolstats.stream/russellcoin,https://github.com/russellcoinpay/russellcoin,11,256.62K ,8.52K ,6.35M / 21M (30.2%),?
Avian,GPU - X16R | X16Rv2 | X16RT | X16S,true,https://miningpoolstats.stream/avian-x16rt,https://github.com/AvianNetwork/Avian,359,256.55K ,85.43K ,3.24B / 21B (15.4%),?
Avian,CPU - Various Algo,true,https://miningpoolstats.stream/avian-minotaurx,https://github.com/AvianNetwork/Avian,4122,256.55K ,85.43K ,3.24B / 21B (15.4%),?
TerraCoin,MERGED Mining,true,https://miningpoolstats.stream/terracoin,https://github.com/terracoin/terracoin,30120,255.32K ,2.74 ,33.27M / 42M (79.2%),2975 TRC ( 33.14  )
Titan Coin,GPU - X21S | X17 | X15 | X14 | X13,true,https://miningpoolstats.stream/titancoin,https://github.com/titancoinproject/Titan,0,252.19K ,0 ,953.37M / 5B (19.1%),?
Ravencoin Classic,GPU - X16R | X16Rv2 | X16RT | X16S,true,https://miningpoolstats.stream/ravencoinclassic,https://github.com/ravencoinclassicio/RavencoinClassic,8,251.65K ,152.53K ,12.91B / 21B (61.5%),?
TheMinerzCoin,ASIC - Scrypt,true,https://miningpoolstats.stream/theminerzcoin,https://github.com/MrMiner-org/TheMinerzCoin,119,248.04K ,25.18K ,540.65K,4890 TMC ( 2.26K  )
DigitalNote,GPU - Allium | Tribus | bmw512,false,https://miningpoolstats.stream/digitalnote,https://github.com/DigitalNoteXDN/DigitalNote-2,60,246.44K ,2.23K ,8.16B / 7B (116.6%),134903 XDN ( 4.08  )
Sinovate,GPU - KawPow,true,https://miningpoolstats.stream/sinovate,https://github.com/SINOVATEblockchain/sinovate,0,246.97K ,49.97 ,1.3B,?
Aurum Crypto Gold,ASIC - SHA256,true,https://miningpoolstats.stream/aurumcrypto,https://github.com/SariKuHu/Aurum,807,218.36K ,24.95K ,7.88M,6200 ACG ( 165.7  )
PupaCoin,GPU - Allium | Tribus | bmw512,false,https://miningpoolstats.stream/pupacoin,https://github.com/PupaCoin/PupaCoin-Core,3,237.06K ,287.06 ,15.23M / 21M (72.5%),?
Feathercoin,GPU - NeoScrypt,true,https://miningpoolstats.stream/feathercoin,https://github.com/FeatherCoin/Feathercoin,30,245.55K ,3.98K ,262.01M / 336M (78.0%),?
Rebelcoin,ASIC - SHA256,false,https://miningpoolstats.stream/rebelcoin,,854,,,,
ArtByte,ASIC - Scrypt,false,https://miningpoolstats.stream/artbyte,https://github.com/WikiMin3R/ArtBytE,1,232.31K ,72.8 ,472.02M / 1B (47.2%),?
Iridium,GPU - CryptoNight Turtle,false,https://miningpoolstats.stream/iridium,https://github.com/iridiumdev/iridium,43,272.96K ,1.13K ,24.13M / 25M (96.5%),?
Emerald Crypto,ASIC - Scrypt,false,https://miningpoolstats.stream/emerald,https://github.com/crypto-currency/Emerald,0,224.96K ,0.65 ,20.05M / 32M (62.7%),90.6 EMD ( 1.02  )
VIVO,GPU - NeoScrypt,true,https://miningpoolstats.stream/vivo,https://github.com/vivocoin/vivo,44,212.88K ,366.83 ,12.8M / 27.2M (47.1%),3974 VIVO ( 66.1  )
BitcoinPurple,ASIC - SHA256,false,https://miningpoolstats.stream/bitcoinpurple,https://github.com/BitcoinPurple/BTCP,3,198.16K ,15.8K ,76.94K,?
ArQmA,CPU - RandomX Variants,false,https://miningpoolstats.stream/arqma,https://github.com/arqma/arqma,95,187.7K ,0.85 ,24.57M / 50M (49.1%),8610 ARQ ( 65.77  )
UltraNote Infinity,GPU - CryptoNight Variants,false,https://miningpoolstats.stream/ultranoteinfinity,https://github.com/xun-project/ultranotei-core,17,182K ,5.97K ,5.33M / 21M (25.4%),?
Optical Bitcoin,GPU - Various Algo,true,https://miningpoolstats.stream/opticalbitcoin,https://github.com/PoWx-Org/obtc-core,288,177.26K ,604.47 ,6.36M / 42M (15.1%),?
Ubiq,GPU - Various Algo,false,https://miningpoolstats.stream/ubiq,https://github.com/ubiq/go-ubiq,61,173.77K ,226.07 ,51.16M,6017 UBQ ( 20.44  )
ReversedBitcoin,ASIC - SHA256,false,https://miningpoolstats.stream/reversedbitcoin,https://github.com/ReversedBitcoin/ReversedBitcoin,28,173.72K ,21.3K ,7.43K,36.13 RVB ( 844.77  )
Etho Protocol,ASIC - Ethash,false,https://miningpoolstats.stream/etho,https://github.com/Ether1Project/Ether1,2,169.94K ,36.97K ,84.4M,?
Redecoin,ASIC - Ethash,false,https://miningpoolstats.stream/redecoin,https://github.com/redecoinproject/redecoin,51,152.97K ,2.01K ,2.64M / ∞,3470 REDEV2 ( 200.92  )
Squishy Coin,ASIC - Equihash,true,https://miningpoolstats.stream/squishycoin,https://github.com/sqcndev/SquishyCoinQT,25,160.96K ,1.66K ,4.06M / 23.13M (17.6%),5225 SQCN ( 208.59  )
Skytere,CPU - GhostRider,true,https://miningpoolstats.stream/skytere,https://github.com/skytcode/skytere,138,160.87K ,4.66K ,320.68M,3585000 SKYT ( 1.8K  )
Evolution,GPU - ProgPoW | Cuckoo,false,https://miningpoolstats.stream/evolution,https://github.com/evolution-project/evolution,24,160.23K ,2.23K ,2.28M,1428 EVOX ( 100.24  )
Novacoin,ASIC - Scrypt,false,https://miningpoolstats.stream/novacoin,https://github.com/novacoin-project/novacoin,318,157.15K ,82.82 ,4.43M,1397 NVC ( 49.54  )
SexCoin,MERGED Mining,true,https://miningpoolstats.stream/sexcoin,https://github.com/sexcoin-project/sexcoin,0,150.06K ,0 ,132.48M / 250M (53.0%),321.1 SXC ( 0.36  )
Lamby Crypto,ASIC - Scrypt,true,https://miningpoolstats.stream/lamby,https://github.com/LambyDev/Lamby,335,151.34K ,46.78K ,442.73M,?
Bitoreum,CPU - GhostRider,true,https://miningpoolstats.stream/bitoreum,https://github.com/bitoreum/bitoreum,2583,146.51K ,904.48 ,2.12B / 21B (10.1%),3570000 BTRM ( 246.33  )
VarseChain,CPU - GhostRider,true,https://miningpoolstats.stream/varsechain,https://github.com/gitvarse/varsechain,2019,141.67K ,6.85K ,316.39M,3505000 VARSE ( 1.57K  )
MateableCoin,ASIC - Scrypt,true,https://miningpoolstats.stream/mateablecoin-scrypt,https://github.com/mateable/mateablecoin-24.x,36,141.54K ,1.39K ,181.79M,58583 MTBC ( 45.61  )
MateableCoin,GPU - Various Algo,true,https://miningpoolstats.stream/mateablecoin-balloon,https://github.com/mateable/mateablecoin-24.x,3,141.54K ,1.39K ,181.79M,58583 MTBC ( 45.61  )
MateableCoin,GPU - Various Algo,true,https://miningpoolstats.stream/mateablecoin-whirlpool,https://github.com/mateable/mateablecoin-24.x,10,141.54K ,1.39K ,181.79M,58583 MTBC ( 45.61  )
MateableCoin,CPU - Yescrypt,true,https://miningpoolstats.stream/mateablecoin-yescryptr8,https://github.com/mateable/mateablecoin-24.x,5,141.54K ,1.39K ,181.79M,58583 MTBC ( 45.61  )
MateableCoin,CPU - GhostRider,true,https://miningpoolstats.stream/mateablecoin-ghostrider,https://github.com/mateable/mateablecoin-24.x,594,141.54K ,1.39K ,181.79M,58583 MTBC ( 45.61  )
Gold Cash,CPU - Yescrypt,true,https://miningpoolstats.stream/goldcash,https://github.com/iUNeIV/GoldCash,51,141.24K ,1.42K ,130.95K / 200K (65.5%),?
Kryptokrona,GPU - CryptoNight Turtle,false,https://miningpoolstats.stream/kryptokrona,https://github.com/kryptokrona/kryptokrona,51,137.04K ,8.68K ,428.94M / 1B (42.9%),?
Ritocoin,GPU - X21S | X17 | X15 | X14 | X13,true,https://miningpoolstats.stream/ritocoin,https://github.com/RitoProject/Ritocoin,17,136.94K ,6.81 ,1.82B / 2.03B (89.4%),78861 RITO ( 5.95  )
ZetaCoin,ASIC - Scrypt,false,https://miningpoolstats.stream/zetacoin,https://github.com/WikiMin3R/ZetacoinE,3,100.88K ,1.76K ,59.74M / 160M (37.3%),?
Bolivarcoin,ASIC - X11,false,https://miningpoolstats.stream/bolivarcoin,https://github.com/ElpidioMC/bolivarcoin,109,140.15K ,100.58 ,19.06M / 25M (76.2%),2211 BOLI ( 16.1  )
BitTubeCash,GPU - ProgPoW | Cuckoo,false,https://miningpoolstats.stream/bittubecash,https://github.com/BitTubeCash/bittubecash,7,131.57K ,79.85 ,316.14M / 600M (52.7%),?
Redblock,GPU - SHA | Skunk | TimeTravel,true,https://miningpoolstats.stream/redblock,https://github.com/redblockdev/RedBlock,298,130.79K ,2.46K ,787.54 / 10.52K (7.5%),14.41 REDB ( 2.39K  )
Masari,GPU - CryptoNight Variants,false,https://miningpoolstats.stream/masari,https://github.com/masari-project/masari,47,126.67K ,60.48 ,17.61M / 18.5M (95.2%),1153 MSR ( 8.3  )
Einsteinium,ASIC - Scrypt,true,https://miningpoolstats.stream/einsteinium,https://github.com/emc2foundation/einsteinium,2,127.52K ,3.85K ,223.61M / 245.47M (91.1%),2384 EMC2 ( 1.35  )
DigitalCoin,ASIC - SHA256,true,https://miningpoolstats.stream/digitalcoin-sha,https://github.com/lomtax/digitalcoin,6,126.04K ,82.25 ,41.75M / 48.17M (86.7%),5013 DGC ( 15.13  )
DigitalCoin,ASIC - Scrypt,true,https://miningpoolstats.stream/digitalcoin-scrypt,https://github.com/lomtax/digitalcoin,22,126.04K ,82.25 ,41.75M / 48.17M (86.7%),5013 DGC ( 15.13  )
DigitalCoin,ASIC - X11,true,https://miningpoolstats.stream/digitalcoin-x11,https://github.com/lomtax/digitalcoin,1,126.04K ,82.25 ,41.75M / 48.17M (86.7%),5013 DGC ( 15.13  )
Innova,GPU - Allium | Tribus | bmw512,false,https://miningpoolstats.stream/innova,https://github.com/innova-foundation/innova,7,123.83K ,328.67 ,8.37M / 18M (46.5%),2856 INN ( 42.25  )
Ergon,ASIC - SHA256,true,https://miningpoolstats.stream/ergon,https://github.com/Ergon-moe/Bitcoin-Static,894,139.85K ,8.55K ,46.21,1.585 XRG ( 4.77K  )
Zero,GPU - Equihash,true,https://miningpoolstats.stream/zero,https://github.com/zerocurrencycoin/Zero,9,121.4K ,0 ,13.12M / 17M (77.2%),1982 ZER ( 18.34  )
Babacoin,CPU - GhostRider,true,https://miningpoolstats.stream/babacoin,https://github.com/babacoinbbc/babacoin,2585,128.27K ,16.7K ,1.36B / 21B (6.5%),16724064 BBC ( 1.58K  )
CPUchain,CPU - Various Algo,true,https://miningpoolstats.stream/cpuchain,https://github.com/cpuchain/cpuchain,427,120.2K ,637.05 ,59.38M / 105M (56.6%),?
Myriad,ASIC - Groestl | Qubit | Skein | Quark,true,https://miningpoolstats.stream/myriad-groestl,https://github.com/myriadteam/myriadcoin,2,119.57K ,1.42K ,1.86B / 2B (92.9%),65000 XMY ( 4.18  )
Myriad,GPU - Yescrypt,true,https://miningpoolstats.stream/myriad-yescrypt,https://github.com/myriadteam/myriadcoin,48,119.57K ,1.42K ,1.86B / 2B (92.9%),65000 XMY ( 4.18  )
Myriad,CPU - Argon2d | Argon2i,true,https://miningpoolstats.stream/myriad-argon2d,https://github.com/myriadteam/myriadcoin,0,119.57K ,1.42K ,1.86B / 2B (92.9%),65000 XMY ( 4.18  )
Myriad,MERGED Mining,true,https://miningpoolstats.stream/myriad-scrypt,https://github.com/myriadteam/myriadcoin,2626,119.57K ,1.42K ,1.86B / 2B (92.9%),65000 XMY ( 4.18  )
Myriad,MERGED Mining,true,https://miningpoolstats.stream/myriad-sha,https://github.com/myriadteam/myriadcoin,15456,119.57K ,1.42K ,1.86B / 2B (92.9%),65000 XMY ( 4.18  )
GNTL Coin,CPU - RandomX Variants,false,https://miningpoolstats.stream/gntlcoin,https://github.com/The-GNTL-Project/gntl,45,116.09K ,1.43K ,38.46M,26578 GNTL ( 80.22  )
Ferrite,ASIC - Scrypt,false,https://miningpoolstats.stream/ferrite,https://github.com/koh-gt/ferrite-core,3,112.64K ,6.74K ,15.5M,700 FEC ( 5.09  )
Yenten,CPU - YesPoWer,true,https://miningpoolstats.stream/yenten,https://github.com/yentencoin/yenten,171,104.74K ,688.33 ,59.06M / 80M (73.8%),17482 YTN ( 31  )
QnodeCoin,ASIC - X11,false,https://miningpoolstats.stream/qnodecoin,,2,,,,
GoodMorning,GPU - Various Algo,true,https://miningpoolstats.stream/goodmorning,https://github.com/GoodMorningNetWork/GoodMorningNetWork,41,104.05K ,4.75K ,292.2M / 2.28K (12814000.7%),4062960 GM ( 1.45K  )
DeVault,ASIC - SHA256,true,https://miningpoolstats.stream/devault,https://github.com/devaultcrypto/devault,510,109K ,5.45 ,622.22M / 2B (31.1%),?
Galleoncoin,GPU - Various Algo,true,https://miningpoolstats.stream/galleoncoin,https://github.com/GALE-forkbeard/Galleoncoin,91,103.15K ,1.21K ,1.99B,1303997 GALE ( 67.65  )
Rilcoin,ASIC - Scrypt,false,https://miningpoolstats.stream/rilcoin,https://github.com/rilcoincrypto/rilcoin-3.0,0,99.53K ,2.12K ,18.5M / 18.5M (100.0%),?
SafeMineCoin,ASIC - Scrypt,true,https://miningpoolstats.stream/safeminecoin,https://github.com/safeminecoin/safeminecoin,273,94.74K ,2.22K ,10.76M,3079 SMCN ( 27.11  )
Keymaker,CPU - Various Algo,true,https://miningpoolstats.stream/keymaker-curvehash,https://github.com/keymakercoin/keymakercoin,54,97.04K ,1.89K ,19.13M,28431 KEY ( 144.27  )
Keymaker,CPU - Various Algo,true,https://miningpoolstats.stream/keymaker-minotaurx,https://github.com/keymakercoin/keymakercoin,2033,97.04K ,1.89K ,19.13M,28431 KEY ( 144.27  )
SorachanCoin,ASIC - Scrypt,false,https://miningpoolstats.stream/sorachancoin,https://github.com/FromHDDtoSSD/SorachanCoin-qt,4,94.98K ,1.94K ,1.85M / 8M (23.1%),137.9 SORA ( 7.08  )
5G-CASH,GPU - X16R | X16Rv2 | X16RT | X16S,true,https://miningpoolstats.stream/5gcash,https://github.com/5G-Cash/5G,452,93.3K ,95.28 ,13.88M,423.5 VGC ( 2.85  )
Yerbas,CPU - GhostRider,true,https://miningpoolstats.stream/yerbas,https://github.com/The-Yerbas-Endeavor/yerbas,1357,89.85K ,2.33K ,40.02M,71600 YERB ( 160.76  )
SprintPay,CPU - YesPoWer,true,https://miningpoolstats.stream/sprintpay,https://github.com/Sprint-Core/Sprint,462,90.31K ,1.1K ,27.22M / 25.05M (108.7%),12348 SPRX ( 40.97  )
OC Protocol,GPU - SHA | Skunk | TimeTravel,false,https://miningpoolstats.stream/ocprotocol,https://github.com/OC-CryptoCurrency/OCP,40,96.32K ,3.59K ,12.76M / 21M (60.8%),6250 OCP ( 47.03  )
SpaceXpanse,NeoScrypt,false,,,,,,,
SpaceXpanse,MERGED Mining,false,https://miningpoolstats.stream/spacexpanse-sha,https://github.com/SpaceXpanse,60,88.65K ,420.56 ,958.26M / 816.14M (117.4%),1069200 ROD ( 98.91  )
Cosanta,CPU - Various Algo,false,https://miningpoolstats.stream/cosanta,https://github.com/cosanta/cosanta-core,0,87.79K ,2.57K ,121.26K / 64.4M (0.2%),272.5 COSA ( 197.29  )
Lethean,CPU - Argon2d | Argon2i,false,https://miningpoolstats.stream/lethean,https://github.com/LetheanMovement/lethean,11,86.09K ,22.7 ,1.03B / 999.48M (103.5%),?
BitBar,ASIC - Scrypt,false,https://miningpoolstats.stream/bitbar,https://github.com/Crypto-Currency/BitBar,2,83.22K ,46.13 ,63.05K / 500K (12.6%),5.89 BTB ( 7.77  )
Crionic,CPU - YesPoWer,true,https://miningpoolstats.stream/crionic,https://github.com/diabaths/Crionic-Coin,608,81.78K ,2.11K ,41.83M,186200 CRNC ( 364.51  )
Ultichain,ASIC - X11,true,https://miningpoolstats.stream/ultichain,https://github.com/Ultichain/Ultichain,1,88.5K ,10.02K ,5.42M,?
ZeroOneCoin,GPU - NeoScrypt,true,https://miningpoolstats.stream/zeroonecoin,https://github.com/zocteam/zeroonecoin,51,79.55K ,4.81K ,23.23M / 65.66M (35.4%),?
FrogCoin,GPU - Allium | Tribus | bmw512,false,https://miningpoolstats.stream/frogcoin,https://github.com/Frog-Coin/Frog-Coin-Core,37,78.42K ,938.32 ,70.03M,116325 FROG ( 130.26  )
Megacoin,GPU - Various Algo,true,https://miningpoolstats.stream/megacoin,https://github.com/LIMXTEC/Megacoin,1,76.26K ,0 ,40.35M / 42M (96.1%),?
MagPieCoin,CPU - YesPoWer,true,https://miningpoolstats.stream/magpiecoin,https://github.com/mgpc-lab/MagpieCoin,40,76.4K ,697.54 ,27.23B / 68.95B (39.5%),?
Genix,GPU - X16R | X16Rv2 | X16RT | X16S,true,https://miningpoolstats.stream/genix,https://github.com/genix-project/genix,1066,75.13K ,0.4 ,110.22M / 210M (52.5%),?
Aryacoin,ASIC - Scrypt,true,https://miningpoolstats.stream/aryacoin,https://github.com/Aryacoin/Aryacoin,272,,,200.62M / 1.2B (16.7%),24.8 AYA ( 0.01  )
SwampCoin,CPU - YesPoWer,true,https://miningpoolstats.stream/swampcoin,https://github.com/swampcoin/swamp,367,74.11K ,69.93 ,14.14M / 40M (35.3%),9009 SWAMP ( 47.23  )
Arsagility,CPU - GhostRider,true,https://miningpoolstats.stream/arsagility,https://github.com/arsa-hub/arsa,1404,69.2K ,3.78K ,647.94M,3540000 ARGY ( 378.07  )
Bitcoin Zero,GPU - Lyra2 Variants,true,https://miningpoolstats.stream/bitcoinzero,https://github.com/SpecialCoins/BitcoinZero,5,73.98K ,1.07 ,98.08M / 40M (245.2%),?
VeggieCoin,GPU - PHI2 | C11 | HMQ1725,true,https://miningpoolstats.stream/veggiecoin,https://github.com/Oskii/Veggie,45,,,13.87M,?
EtherGem,ASIC - Ethash,false,https://miningpoolstats.stream/ethergem,https://gitlab.com/ethergem/go-egem,9,68.64K ,1.15K ,67.08M / ∞,21570 EGEM ( 22.07  )
PRUX-Coin,ASIC - Scrypt,true,https://miningpoolstats.stream/pruxcoin,https://github.com/BITRY/PRUX-Wallet,3,67.92K ,1.63 ,103.93K / 114.38K (90.9%),2.869 PRUX ( 1.87  )
Ocvcoin,GPU - Various Algo,true,https://miningpoolstats.stream/ocvcoin,https://github.com/ocvcoin/ocvcoin,28,65.46K ,0 ,7.71M / 10.56M (73.0%),?
Oracol,ASIC - Scrypt,false,https://miningpoolstats.stream/oracol,https://github.com/OracolXor/Oracol-XOR-Coin,1,65.17K ,0 ,86.18M,2866 XOR ( 2.17  )
PascalCoin,GPU - Various Algo,false,https://miningpoolstats.stream/pascalcoin,https://github.com/PascalCoin/PascalCoin,29,77.83K ,69.95 ,41.27M / 42M (98.3%),7600 PASC ( 14.34  )
TajCoin,GPU - Blake2S | Blake2B | Keccak,false,https://miningpoolstats.stream/tajcoin,https://github.com/Taj-Coin/tajcoin,92,61.36K ,231.29 ,31.65M,8195 TAJ ( 15.89  )
Infinium-8,ASIC - CryptoNight,false,https://miningpoolstats.stream/infinium8-cn,https://github.com/Infinium-dev/Infinium,2,60.72K ,14.58 ,53.66M,?
Infinium-8,GPU - CryptoNight Variants,false,https://miningpoolstats.stream/infinium8-cn7lite,https://github.com/Infinium-dev/Infinium,3,60.72K ,14.58 ,53.66M,?
Infinium-8,GPU - CryptoNight Variants,false,https://miningpoolstats.stream/infinium8-cnzls,https://github.com/Infinium-dev/Infinium,2,60.72K ,14.58 ,53.66M,?
Cococoin,ASIC - Scrypt,true,https://miningpoolstats.stream/cococoin,https://github.com/CocoNakamoto/cococoin-project,4,48.82K ,4.11K ,9.42M,10500 COCO ( 54.42  )
Swap,GPU - ProgPoW | Cuckoo,false,https://miningpoolstats.stream/swap,https://github.com/swap-dev/swap,5,59.03K ,60.36K ,16.96M / 18.4M (92.2%),2045 XWP ( 7.13  )
VSolidus,ASIC - Scrypt,true,https://miningpoolstats.stream/vsolidus,https://github.com/VSolidus/solidus,3,54.65K ,33.85 ,9.54B / 92B (10.4%),386850 VSOL ( 2.22  )
Arielcoin,GPU - KawPow,true,https://miningpoolstats.stream/arielcoin,https://github.com/ArielCoinOrg/arielcoin,19,54.49K ,57.32 ,13.28M,14489 ARL ( 59.45  )
Litoreum,CPU - GhostRider,true,https://miningpoolstats.stream/litoreum,https://github.com/Altcoin-Master/Litoreum,2088,51.78K ,2.79K ,984.87M,2115000 LTRM ( 111.21  )
Taler,GPU - Lyra2 Variants,false,https://miningpoolstats.stream/taler,https://github.com/taler-project/taler,9,50.33K ,36.42 ,18.31M / 23M (79.6%),5025 TLR ( 13.81  )
PlusOneCoin,GPU - PHI2 | C11 | HMQ1725,true,https://miningpoolstats.stream/plusonecoin,https://github.com/plusonecoin/plusonecoin,33,49.54K ,14.82 ,12.51M / 26.35M (47.5%),?
FoxDcoin,GPU - X16R | X16Rv2 | X16RT | X16S,true,https://miningpoolstats.stream/foxdcoin,https://github.com/foxdproject/foxdcoin,508,46.48K ,1.57K ,9.8B / 21B (46.7%),7280000 FOXD ( 34.54  )
Bitfishcoin,CPU - GhostRider,true,https://miningpoolstats.stream/bitfishcoin,https://github.com/Altcoin-Master/Bitfishcoin,1470,38.61K ,2.99K ,1.03B,3605000 BTSC ( 135.7  )
Cirquity,CPU - Argon2d | Argon2i,false,https://miningpoolstats.stream/cirquity,https://github.com/cirquity/cirquity,7,43.43K ,5.74 ,111.33M / 1B (11.1%),76145 CIRQ ( 29.71  )
LitecoinZ,GPU - Equihash,true,https://miningpoolstats.stream/litecoinz,https://github.com/litecoinz-core/litecoinz,2,,,37.32M / 84M (44.4%),6250 LTZ ( 7.07  )
Expanse,ASIC - Ethash,false,https://miningpoolstats.stream/expanse,https://github.com/expanse-org/go-expanse,27,38.28K ,211.68 ,50.79M / 100M (50.8%),16590 EXP ( 12.5  )
GSP Coin,CPU - GhostRider,true,https://miningpoolstats.stream/gspcoin,https://github.com/gamgsp/gspcoin,1472,68.58K ,5.32K ,403.46M / 6B (6.7%),1039500 GSPC ( 176.7  )
DinarTether,GPU - KawPow,true,https://miningpoolstats.stream/dinartether,https://github.com/Dinartether/Dinartether,464,70.56K ,2.44K ,373.45K,68400 DINT ( 12.93K  )
Cheetahcoin,ASIC - SHA256,true,https://miningpoolstats.stream/cheetahcoin,https://github.com/ShorelineCrypto/cheetahcoin,599,36.93K ,5.95 ,17.04B,2570000 CHTA ( 5.57  )
SpiderByte,ASIC - Scrypt,false,https://miningpoolstats.stream/spiderbyte,https://github.com/Crypto-Currency/SpiderByte,0,38.5K ,176.68 ,3.4M / 4M (85.1%),166.6 SPB ( 1.89  )
Phloxcoin,ASIC - Scrypt,true,https://miningpoolstats.stream/phloxcoin,https://github.com/brimmen/phloxcoin,1,32.03K ,2.09K ,12.08M,?
TrezarCoin,GPU - NeoScrypt,true,https://miningpoolstats.stream/trezarcoin,https://github.com/TrezarCoin/TrezarCoin,0,34.94K ,496.92 ,316.68M / 400M (79.2%),66150 TZC ( 7.3  )
Curvehash,CPU - Various Algo,true,https://miningpoolstats.stream/curvehash,https://github.com/cryptodigi/CurvehashCoin-2022,0,33.69K ,136.44 ,44.92M,?
2ACoin,CPU - Argon2d | Argon2i,false,https://miningpoolstats.stream/2acoin,https://github.com/2acoin/2acoin,7,31.74K ,32.5 ,11.37M / 17.91M (63.5%),2968 ARMS ( 8.28  )
Qogecoin,CPU - Yescrypt,true,https://miningpoolstats.stream/qogecoin,https://github.com/qogecoin/qogecoin,60,31.63K ,156.33 ,77.5M / 100M (77.5%),34025 QOGE ( 13.89  )
Martkist,ASIC - SHA256,true,https://miningpoolstats.stream/martkist,https://github.com/martkist/martkist,0,31.01K ,243.1 ,22.82M / 37M (61.7%),3721 MARTK ( 5.06  )
SparksPay,GPU - NeoScrypt,true,https://miningpoolstats.stream/sparkspay,https://github.com/sparkspay/sparks,1,30.44K ,0.4 ,13.82M / 21M (65.8%),2272 SPK ( 5.01  )
Halcyon,GPU - NeoScrypt,false,https://miningpoolstats.stream/halcyon,https://github.com/ghostlander/Halcyon,0,30.22K ,3.31 ,13.33M,3908 HAL ( 8.86  )
uPlexa,GPU - CryptoNight Variants,false,https://miningpoolstats.stream/uplexa,https://github.com/uPlexa/uplexa,237,29.45K ,22.07 ,3.85B / 10.5B (36.7%),1149562 UPX ( 8.79  )
PeppersCore,GPU - PHI2 | C11 | HMQ1725,false,https://miningpoolstats.stream/pepperscore,https://github.com/pepperscore-project/pepperscore_v2,7,30.08K ,137.95 ,220.49K,127.7 EPPE ( 17.42  )
BitMark,ASIC - SHA256,false,https://miningpoolstats.stream/bitmark-sha,https://github.com/project-bitmark/bitmark,0,28.25K ,0.02 ,18.49M / 27.58M (67.0%),2885 MARKS ( 4.41  )
BitMark,ASIC - Equihash,false,https://miningpoolstats.stream/bitmark-equihash,https://github.com/project-bitmark/bitmark,0,28.25K ,0.02 ,18.49M / 27.58M (67.0%),2885 MARKS ( 4.41  )
BitMark,ASIC - Lyra2REv2,false,https://miningpoolstats.stream/bitmark-lyra,https://github.com/project-bitmark/bitmark,0,28.25K ,0.02 ,18.49M / 27.58M (67.0%),2885 MARKS ( 4.41  )
BitMark,GPU - Yescrypt,false,https://miningpoolstats.stream/bitmark-yescrypt,https://github.com/project-bitmark/bitmark,0,28.25K ,0.02 ,18.49M / 27.58M (67.0%),2885 MARKS ( 4.41  )
BitMark,GPU - X21S | X17 | X15 | X14 | X13,false,https://miningpoolstats.stream/bitmark-x17,https://github.com/project-bitmark/bitmark,0,28.25K ,0.02 ,18.49M / 27.58M (67.0%),2885 MARKS ( 4.41  )
BitMark,MERGED Mining,false,https://miningpoolstats.stream/bitmark-scrypt,https://github.com/project-bitmark/bitmark,0,28.25K ,0.02 ,18.49M / 27.58M (67.0%),2885 MARKS ( 4.41  )
HaroldCoin,GPU - Various Algo,true,https://miningpoolstats.stream/haroldcoin,https://github.com/Harold-Coin/haroldcoin-main-23-may,8,28.02K ,323.09 ,35.03M,27600 HRLD ( 22.07  )
Widecoin,ASIC - SHA256,true,https://miningpoolstats.stream/widecoin,https://github.com/widecoin-project/widecoin,68,25.06K ,732.1 ,19.01M / 35M (54.3%),?
Morelo,CPU - RandomX Variants,false,https://miningpoolstats.stream/morelo,https://github.com/MoreloNetwork/morelo,10,28.73K ,2.81K ,49.89M / 75M (66.5%),?
PRiVCY,CPU - YesPoWer,true,https://miningpoolstats.stream/privcy,https://github.com/Bob-bit-PRIV/PRiVCY,2,25.47K ,1.43 ,15.6M / 30M (52.0%),?
FxTC,ASIC - SHA256,true,https://miningpoolstats.stream/fxtc-sha,https://github.com/fxtc/fxtc,0,25.22K ,0.1 ,507.4K,4.487 FXTC ( 0.22  )
FxTC,ASIC - Scrypt,true,https://miningpoolstats.stream/fxtc-scrypt,https://github.com/fxtc/fxtc,0,25.22K ,0.1 ,507.4K,4.487 FXTC ( 0.22  )
FxTC,ASIC - X11,true,https://miningpoolstats.stream/fxtc-x11,https://github.com/fxtc/fxtc,0,25.22K ,0.1 ,507.4K,4.487 FXTC ( 0.22  )
FxTC,GPU - Lyra2 Variants,true,https://miningpoolstats.stream/fxtc-lyra2z,https://github.com/fxtc/fxtc,0,25.22K ,0.1 ,507.4K,4.487 FXTC ( 0.22  )
FxTC,GPU - X16R | X16Rv2 | X16RT | X16S,true,https://miningpoolstats.stream/fxtc-x16r,https://github.com/fxtc/fxtc,8,25.22K ,0.1 ,507.4K,4.487 FXTC ( 0.22  )
Globaltoken,ASIC - SHA256,true,https://miningpoolstats.stream/globaltoken-sha,https://github.com/globaltoken/globaltoken,625,24.37K ,1.52K ,121.93M / 168M (72.6%),?
Globaltoken,ASIC - Scrypt,true,https://miningpoolstats.stream/globaltoken-scrypt,https://github.com/globaltoken/globaltoken,0,24.37K ,1.52K ,121.93M / 168M (72.6%),?
Globaltoken,ASIC - X11,true,https://miningpoolstats.stream/globaltoken-x11,https://github.com/globaltoken/globaltoken,1,24.37K ,1.52K ,121.93M / 168M (72.6%),?
Globaltoken,ASIC - Blake256 | Blake2B,true,https://miningpoolstats.stream/globaltoken-blake2b,https://github.com/globaltoken/globaltoken,0,24.37K ,1.52K ,121.93M / 168M (72.6%),?
Globaltoken,ASIC - Groestl | Qubit | Skein | Quark,true,https://miningpoolstats.stream/globaltoken-groestl,https://github.com/globaltoken/globaltoken,0,24.37K ,1.52K ,121.93M / 168M (72.6%),?
Globaltoken,ASIC - Groestl | Qubit | Skein | Quark,true,https://miningpoolstats.stream/globaltoken-qubit,https://github.com/globaltoken/globaltoken,0,24.37K ,1.52K ,121.93M / 168M (72.6%),?
Globaltoken,ASIC - Groestl | Qubit | Skein | Quark,true,https://miningpoolstats.stream/globaltoken-skein,https://github.com/globaltoken/globaltoken,0,24.37K ,1.52K ,121.93M / 168M (72.6%),?
Globaltoken,ASIC - Groestl | Qubit | Skein | Quark,true,https://miningpoolstats.stream/globaltoken-quark,https://github.com/globaltoken/globaltoken,0,24.37K ,1.52K ,121.93M / 168M (72.6%),?
Globaltoken,ASIC - Various Algo,true,https://miningpoolstats.stream/globaltoken-nist5,https://github.com/globaltoken/globaltoken,1,24.37K ,1.52K ,121.93M / 168M (72.6%),?
Globaltoken,GPU - Lyra2 Variants,true,https://miningpoolstats.stream/globaltoken-lyra2z,https://github.com/globaltoken/globaltoken,0,24.37K ,1.52K ,121.93M / 168M (72.6%),?
Globaltoken,GPU - X21S | X17 | X15 | X14 | X13,true,https://miningpoolstats.stream/globaltoken-x17,https://github.com/globaltoken/globaltoken,0,24.37K ,1.52K ,121.93M / 168M (72.6%),?
Globaltoken,GPU - X21S | X17 | X15 | X14 | X13,true,https://miningpoolstats.stream/globaltoken-x15,https://github.com/globaltoken/globaltoken,1,24.37K ,1.52K ,121.93M / 168M (72.6%),?
Globaltoken,GPU - X21S | X17 | X15 | X14 | X13,true,https://miningpoolstats.stream/globaltoken-x14,https://github.com/globaltoken/globaltoken,0,24.37K ,1.52K ,121.93M / 168M (72.6%),?
Globaltoken,GPU - X21S | X17 | X15 | X14 | X13,true,https://miningpoolstats.stream/globaltoken-x13,https://github.com/globaltoken/globaltoken,1,24.37K ,1.52K ,121.93M / 168M (72.6%),?
Globaltoken,GPU - X21S | X17 | X15 | X14 | X13,true,https://miningpoolstats.stream/globaltoken-x22i,https://github.com/globaltoken/globaltoken,0,24.37K ,1.52K ,121.93M / 168M (72.6%),?
Globaltoken,GPU - X21S | X17 | X15 | X14 | X13,true,https://miningpoolstats.stream/globaltoken-x25x,https://github.com/globaltoken/globaltoken,0,24.37K ,1.52K ,121.93M / 168M (72.6%),?
Globaltoken,GPU - Blake2S | Blake2B | Keccak,true,https://miningpoolstats.stream/globaltoken-blake2s,https://github.com/globaltoken/globaltoken,1,24.37K ,1.52K ,121.93M / 168M (72.6%),?
Globaltoken,GPU - Blake2S | Blake2B | Keccak,true,https://miningpoolstats.stream/globaltoken-keccakc,https://github.com/globaltoken/globaltoken,1,24.37K ,1.52K ,121.93M / 168M (72.6%),?
Globaltoken,GPU - Allium | Tribus | bmw512,true,https://miningpoolstats.stream/globaltoken-allium,https://github.com/globaltoken/globaltoken,0,24.37K ,1.52K ,121.93M / 168M (72.6%),?
Globaltoken,GPU - Allium | Tribus | bmw512,true,https://miningpoolstats.stream/globaltoken-tribus,https://github.com/globaltoken/globaltoken,0,24.37K ,1.52K ,121.93M / 168M (72.6%),?
Globaltoken,GPU - PHI2 | C11 | HMQ1725,true,https://miningpoolstats.stream/globaltoken-c11,https://github.com/globaltoken/globaltoken,0,24.37K ,1.52K ,121.93M / 168M (72.6%),?
Globaltoken,GPU - PHI2 | C11 | HMQ1725,true,https://miningpoolstats.stream/globaltoken-hmq1725,https://github.com/globaltoken/globaltoken,0,24.37K ,1.52K ,121.93M / 168M (72.6%),?
Globaltoken,GPU - SHA | Skunk | TimeTravel,true,https://miningpoolstats.stream/globaltoken-skunk,https://github.com/globaltoken/globaltoken,0,24.37K ,1.52K ,121.93M / 168M (72.6%),?
Globaltoken,GPU - Various Algo,true,https://miningpoolstats.stream/globaltoken-xevan,https://github.com/globaltoken/globaltoken,0,24.37K ,1.52K ,121.93M / 168M (72.6%),?
Globaltoken,GPU - Various Algo,true,https://miningpoolstats.stream/globaltoken-dedal,https://github.com/globaltoken/globaltoken,0,24.37K ,1.52K ,121.93M / 168M (72.6%),?
Globaltoken,CPU - Yescrypt,true,https://miningpoolstats.stream/globaltoken-yescryptr32,https://github.com/globaltoken/globaltoken,1,24.37K ,1.52K ,121.93M / 168M (72.6%),?
Globaltoken,CPU - Yescrypt,true,https://miningpoolstats.stream/globaltoken-yescryptr24,https://github.com/globaltoken/globaltoken,0,24.37K ,1.52K ,121.93M / 168M (72.6%),?
Globaltoken,CPU - Yescrypt,true,https://miningpoolstats.stream/globaltoken-yescryptr16v2,https://github.com/globaltoken/globaltoken,1,24.37K ,1.52K ,121.93M / 168M (72.6%),?
Globaltoken,CPU - Yescrypt,true,https://miningpoolstats.stream/globaltoken-yescryptr8,https://github.com/globaltoken/globaltoken,1,24.37K ,1.52K ,121.93M / 168M (72.6%),?
GCN Coin,ASIC - Scrypt,false,https://miningpoolstats.stream/gcncoin,https://github.com/GregGeoghegan/GCN-zone-source,295,24.05K ,177.59 ,186.3B / 200B (93.2%),?
BeeNode,GPU - Various Algo,true,https://miningpoolstats.stream/beenode,https://github.com/bee-group/beenode,8,23.93K ,22.75 ,2.65M,4474 BNODE ( 40.34  )
Maxcoin,GPU - Blake2S | Blake2B | Keccak,false,https://miningpoolstats.stream/maxcoin,https://github.com/Max-Coin/maxcoin,2,23.92K ,6.13 ,72.64M / 100M (72.6%),?
Whive,CPU - YesPoWer,true,https://miningpoolstats.stream/whive,https://github.com/whiveio/whive,29,23.67K ,19.19 ,39.46M,28800 WHIVE ( 17.28  )
WrkzCoin,GPU - CryptoNight Variants,false,https://miningpoolstats.stream/wrkzcoin,https://github.com/wrkzcoin/wrkzcoin,17,23.32K ,0 ,173.9B / 500B (34.8%),8050000 WRKZ ( 1.08  )
VaporumCoin,ASIC - Equihash,true,https://miningpoolstats.stream/vaporumcoin,https://github.com/VaporumCoin/VaporumCoin-daemon,67,22.48K ,4.16K ,53.18M / 500M (10.6%),?
Axe,ASIC - X11,true,https://miningpoolstats.stream/axerunners,https://github.com/AXErunners/axe,1,22.12K ,0.82 ,7.71M / 21M (36.7%),?
Taichicoin,CPU - GhostRider,true,https://miningpoolstats.stream/taichicoin,https://github.com/Altcoin-Master/Taichicoin,7,21.96K ,1.71K ,31.56M,18488 TCC ( 12.87  )
iBitHub,ASIC - Scrypt,false,https://miningpoolstats.stream/ibithub,,320,,,,
CheeseCoin,ASIC - Scrypt,false,https://miningpoolstats.stream/cheesecoin,https://github.com/CheeseCoin/CheeseMasternode,303,19.6K ,0 ,525.84M / 3.5B (15.0%),51095 CHEESE ( 1.9  )
Volkshash,CPU - YesPoWer,true,https://miningpoolstats.stream/volkshash,https://github.com/VolkshashDEV/volkshashcore,612,18.66K ,10.45K ,113.39B,?
JagoanCoin,CPU - GhostRider,true,https://miningpoolstats.stream/jagoancoin,https://github.com/jagoancoincash/jagoancoin,1659,17.66K ,677.61 ,358.23M,?
Zurcoin,ASIC - Groestl | Qubit | Skein | Quark,true,https://miningpoolstats.stream/zurcoin,https://github.com/zurcoin/zurcoin,0,18.86K ,127.98 ,116.22M,404.2 ZUR ( 0.07  )
Bata,ASIC - SHA256,true,https://miningpoolstats.stream/bata-sha,https://github.com/BTA-BATA/Bataoshi,1,18.6K ,0 ,5.06M / 10M (50.6%),?
Bata,ASIC - Scrypt,true,https://miningpoolstats.stream/bata-scrypt,https://github.com/BTA-BATA/Bataoshi,0,18.6K ,0 ,5.06M / 10M (50.6%),?
Bata,GPU - Lyra2 Variants,true,https://miningpoolstats.stream/bata-lyra2z,https://github.com/BTA-BATA/Bataoshi,0,18.6K ,0 ,5.06M / 10M (50.6%),?
Bata,GPU - X16R | X16Rv2 | X16RT | X16S,true,https://miningpoolstats.stream/bata-x16r,https://github.com/BTA-BATA/Bataoshi,0,18.6K ,0 ,5.06M / 10M (50.6%),?
Arto,GPU - CryptoNight Variants,false,https://miningpoolstats.stream/arto,https://github.com/artocash/arto,3,17.73K ,0 ,23.89M,3698 RTO ( 2.74  )
Bellcoin,CPU - YesPoWer,true,https://miningpoolstats.stream/bellcoin,https://github.com/bellcoin-org/bellcoin,150,17.72K ,0.04 ,24.42M / 200M (12.2%),?
Alterdot,CPU - Argon2d | Argon2i,true,https://miningpoolstats.stream/alterdot,https://github.com/Alterdot/Alterdot,2,15.66K ,1.66 ,13.85M,2380 ADOT ( 2.69  )
Guncoin,GPU - NeoScrypt,true,https://miningpoolstats.stream/guncoin,https://github.com/guncoin/guncoin,13,14.65K ,0.24 ,338.38M / 500M (67.7%),?
Kotia,ASIC - Scrypt,true,https://miningpoolstats.stream/kotia,https://github.com/kotiacash/kotiacash,23,13.65K ,5.74K ,30.9M,?
BitSend,GPU - Various Algo,true,https://miningpoolstats.stream/bitsend,https://github.com/LIMXTEC/BitSend,11,13.5K ,0.24 ,32.56M / 210M (15.5%),904.7 BSD ( 0.38  )
HelpTheHomeless,GPU - X16R | X16Rv2 | X16RT | X16S,true,https://miningpoolstats.stream/hthcoin,https://github.com/HTHcoin/helpthehomelesscoin,55,10.54K ,446.24 ,3.9B / 127.96M (3051.5%),?
Vkax,CPU - Various Algo,true,https://miningpoolstats.stream/vkax,https://github.com/vkaxproject/vkax,12,10.84K ,2.37K ,707.83M,?
Scholarship Coin,ASIC - Scrypt,true,https://miningpoolstats.stream/scholarshipcoin,https://github.com/scholarshipcoin/SCHO2.0,1,10.17K ,462.92 ,17.64M / 20M (88.2%),?
Machinecoin,GPU - SHA | Skunk | TimeTravel,true,https://miningpoolstats.stream/machinecoin,https://github.com/machinecoin-project/machinecoin-core,1,9.78K ,0 ,26.26M / 35M (75.0%),?
GoByte,GPU - NeoScrypt,true,https://miningpoolstats.stream/gobyte,https://github.com/gobytecoin/gobyte,4,9.71K ,1.87K ,9.58M / 31.8M (30.1%),?
StrongHands,ASIC - SHA256,false,https://miningpoolstats.stream/stronghands,https://github.com/stronghands-official/SHND-source,5,7.56K ,0.13 ,19.17B / 29B (66.1%),1814439 SHND ( 0.71  )
Nyxcoin,GPU - NeoScrypt,true,https://miningpoolstats.stream/nyxcoin,https://github.com/nyxpay/nyx,0,7.4K ,2.6 ,13.08M / 30.35M (43.1%),?
EZCoin,ASIC - Scrypt,true,https://miningpoolstats.stream/ezcoin,https://github.com/Davegunn99/EZCoinV5.0,6,7.08K ,0.73 ,244.04M / 1B (24.4%),265000 EZC ( 7.69  )
ZeroClassic,GPU - Equihash,true,https://miningpoolstats.stream/zeroclassic,https://github.com/zeroclassic/ZeroClassic,2,6.33K ,0 ,16.59M,7328 ZERC ( 2.79  )
OmotenashiCoin,ASIC - Groestl | Qubit | Skein | Quark,true,https://miningpoolstats.stream/omotenashicoin,https://github.com/omotenashicoin-project/OmotenashiCoin,4,5.33K ,1.05K ,59.69M / 330M (18.1%),183600 MTNS ( 16.38  )
ImageCoin,ASIC - X11,true,https://miningpoolstats.stream/imagecoin,https://github.com/mceme/ImageCoin,3,4.98K ,89 ,14.67M / 21M (69.9%),4670 IMG ( 1.58  )
BitcoinSubsidium,CPU - Various Algo,true,https://miningpoolstats.stream/bitcoinsubsidium,https://github.com/phoenixkonsole/xbtx,109,4.47K ,1.55 ,8.41M / 21M (40.1%),?
Dinero,GPU - NeoScrypt,true,https://miningpoolstats.stream/dinero,https://github.com/dinerocoin/dinero,2,4.24K ,0.13 ,18.67M / 100M (18.7%),?
Animecoin,GPU - Various Algo,false,https://miningpoolstats.stream/animecoin,https://github.com/testzcrypto/Animecoin,3,3.57K ,0 ,2.05B / 2.5B (82.2%),19664 ANI ( 0.03  )
Hivecoin,GPU - KawPow,true,https://miningpoolstats.stream/hivecoin,https://github.com/HiveProject2021/Hivecoin,10,2.71K ,0 ,5.76B / 21B (27.4%),?
Zent Cash,CPU - Argon2d | Argon2i,false,https://miningpoolstats.stream/zentcash,https://github.com/ZentCashFoundation/Zent,2,2.4K ,215.65 ,4.53B / 7.5B (60.4%),?
Pexa Coin,GPU - X16R | X16Rv2 | X16RT | X16S,true,https://miningpoolstats.stream/pexacoin,https://github.com/pexacoin/core,2,1.91K ,0 ,4.99M,?
ClassicBitcoin,ASIC - Equihash,true,https://miningpoolstats.stream/classicbitcoin,https://github.com/classicbitcoins/cbitcoin,0,1.76K ,0 ,114.05M / 20.94M (544.6%),34376 CBTC ( 0.53  )
FlorinCoin,ASIC - Scrypt,true,https://miningpoolstats.stream/florincoin,https://github.com/floblockchain/flo,1,1.18K ,0.72 ,156.72M / 160M (98.0%),?
KZCash,ASIC - X11,true,https://miningpoolstats.stream/kzcash,https://github.com/kzcashteam/kzcash,73,1.15K ,0.19 ,7.6M / 18.9M (40.2%),2999 KZC ( 0.45  )
ButKoin,ASIC - SHA256,true,https://miningpoolstats.stream/butkoin-sha,https://github.com/ButKoin/but,0,1K ,0 ,4.02B,?
ButKoin,ASIC - Scrypt,true,https://miningpoolstats.stream/butkoin-scrypt,https://github.com/ButKoin/but,0,1K ,0 ,4.02B,?
ButKoin,GPU - Lyra2 Variants,true,https://miningpoolstats.stream/butkoin-lyra2z,https://github.com/ButKoin/but,0,1K ,0 ,4.02B,?
ButKoin,CPU - YesPoWer,true,https://miningpoolstats.stream/butkoin-yespower,https://github.com/ButKoin/but,0,1K ,0 ,4.02B,?
ButKoin,CPU - GhostRider,true,https://miningpoolstats.stream/butkoin-ghostrider,https://github.com/ButKoin/but,3,1K ,0 ,4.02B,?
Mangocoin,CPU - Argon2d | Argon2i,false,https://miningpoolstats.stream/mangocoin,https://github.com/mangocoinproject/mangocoin,1,760.21 ,0 ,8.14B / 20B (40.7%),?
Secure Cash,GPU - CryptoNight Variants,false,https://miningpoolstats.stream/securecash,https://github.com/scashcoin/securecash_source,1,673.21 ,64.97 ,124.13K / 300K (41.4%),?
Australia Cash,ASIC - Scrypt,true,https://miningpoolstats.stream/australiacash,https://github.com/AustraliaCash/AustraliaCash-Core,321,561.05 ,0 ,14.28M / 84M (17.0%),?
Straks,ASIC - Lyra2REv2,false,https://miningpoolstats.stream/straks,https://github.com/straks/straks,3,371.73 ,0 ,9.71M / 41.78M (23.2%),?
GeckoCoin,CPU - GhostRider,true,https://miningpoolstats.stream/geckocoin,https://github.com/GeckoProjectMN/GeckoProject,594,307.15 ,0 ,959.85M,?
Thooneum,CPU - GhostRider,true,https://miningpoolstats.stream/thooneum,https://github.com/TimyIsCool/thooneum,3,151.68 ,0.5 ,1.17B,?
Safeminex,CPU - Yescrypt,true,https://miningpoolstats.stream/safeminex,https://github.com/safeminecoin/safeminex,1,66.7 ,0 ,61.97M,?
Marscoin,ASIC - Scrypt,true,https://miningpoolstats.stream/marscoin,https://github.com/marscoin/marscoin,4,0 ,13.53K ,0,?
BitcoinX,GPU - Blake2S | Blake2B | Keccak,true,https://miningpoolstats.stream/bitcoinx,https://github.com/bitcoinx-project/bitcoinx,5,0 ,30.54K ,0 / 210B (0.0%),?
FreeCash,ASIC - SHA256,true,https://miningpoolstats.stream/freecash,https://github.com/freecashorg/freecash,0,,0 ,65.83M / 100M (65.8%),?
BADcoin,ASIC - SHA256,true,https://miningpoolstats.stream/badcoin-sha,https://github.com/ScriptProdigy/Badcoin,0,,0 ,6.49B,?
Titcoin,ASIC - SHA256,true,https://miningpoolstats.stream/titcoin,https://github.com/titcoin/titcoin,7,,0 ,67.04M / 69M (97.2%),?
Long coin,ASIC - SHA256,true,https://miningpoolstats.stream/longcoin,https://github.com/longnetwork/longcoin-core,2,,0 ,0,?
TDCoin,ASIC - SHA256,false,https://miningpoolstats.stream/tdcoin,https://github.com/tatdig/TDCoin,2,,8.01 ,0,?
Polcoin,ASIC - SHA256,false,https://miningpoolstats.stream/polcoin,,4,,,,
Oggnalive,ASIC - SHA256,true,https://miningpoolstats.stream/oggnalive,https://github.com/oggnalive/ogg,2,,0 ,1.14M,?
EthereumFair,ASIC - Ethash,false,https://miningpoolstats.stream/ethereumfair,https://github.com/ethereumfair/go-ethereum,120,,1.8M ,0,?
DubxCoin,ASIC - Ethash,false,https://miningpoolstats.stream/dubxcoin,https://github.com/DUBXCOIN/go-dubxcoin,110,,0 ,23.09M,14716 DUBX
Akroma,ASIC - Ethash,false,https://miningpoolstats.stream/akroma,https://github.com/akroma-project/akroma,2,,0 ,19.18M / 100M (19.2%),?
MOAC,ASIC - Ethash,false,https://miningpoolstats.stream/moac,https://github.com/MOACChain/moac-core,3,,0 ,171.21M / 151.04M (113.3%),?
Nilu,ASIC - Ethash,false,https://miningpoolstats.stream/nilu,https://github.com/NiluPlatform/go-nilu,1,,0 ,0,?
Nekonium,ASIC - Ethash,false,https://miningpoolstats.stream/nekonium,https://github.com/nekonium/go-nekonium,0,,0 ,12M / 18.59M (64.5%),?
QI Blockchain,ASIC - Ethash,false,https://miningpoolstats.stream/qiblockchain,https://github.com/Qi-Blockchain/QI-Blockchain,22,,79K ,0 / 150M (0.0%),?
PartyChain,ASIC - Ethash,false,https://miningpoolstats.stream/partychain,https://github.com/TeaPartyCrypto/chain,7,,292.94 ,0,?
Altcoinchain,ASIC - Ethash,false,https://miningpoolstats.stream/altcoinchain,https://github.com/Altcoinchain/go-altcoinchain,24,,964.08 ,0,?
Aves,ASIC - Ethash,false,https://miningpoolstats.stream/aves,https://github.com/Aves-Project/aves-go,672,,51.17K ,0 / 8.91M (0.0%),?
BlackChain,ASIC - Ethash,false,https://miningpoolstats.stream/blackchain,,3,,,,
Elhereum,ASIC - Ethash,false,https://miningpoolstats.stream/elhereum,https://github.com/elhereum/go-elh,57,,3.55K ,0,?
MaxxChain,ASIC - Ethash,false,https://miningpoolstats.stream/maxxchain,https://github.com/maxxchain/go-ethereum,41,,0 ,0,?
Bitnet Money,ASIC - Ethash,false,https://miningpoolstats.stream/bitnetmoney,https://github.com/BitnetMoney/bitnet,1331,,72.22K ,0,?
EtherChain,ASIC - Ethash,false,https://miningpoolstats.stream/etherchain,https://github.com/EtherchainETX/go-etherchain,4,,0 ,0,?
MoonCoin,ASIC - Scrypt,true,https://miningpoolstats.stream/mooncoin,https://github.com/MooncoinCommunity/wallet,16,,0 ,229.58B,1719000 MOON
Note Blockchain,ASIC - Scrypt,false,https://miningpoolstats.stream/noteblockchain,https://github.com/NoteBlockchain/NoteBlockchain,2,,0 ,0,?
Shield,ASIC - Scrypt,true,https://miningpoolstats.stream/shield-scrypt,https://github.com/ShieldCoin/SHIELD,0,,0 ,512.97M / 752.52M (68.2%),?
KatKoyn,ASIC - Scrypt,true,https://miningpoolstats.stream/katkoyn,https://github.com/nyancoin-official/nyancoin-client,0,,0 ,340.73M / 337M (101.1%),?
Mincoin,ASIC - Scrypt,true,https://miningpoolstats.stream/mincoin,https://github.com/mincoin/mincoin,0,,0 ,10M / 10M (100.0%),?
Strayacoin,ASIC - Scrypt,true,https://miningpoolstats.stream/strayacoin,https://github.com/StrayaCoin/StrayaCoin-Core,0,,0 ,23.94M / 24.81M (96.5%),1722 NAH
SongCoin,ASIC - Scrypt,false,https://miningpoolstats.stream/songcoin,https://github.com/Songcoin/Songcoin,0,,0 ,65.73M,?
BADcoin,ASIC - Scrypt,true,https://miningpoolstats.stream/badcoin-scrypt,https://github.com/ScriptProdigy/Badcoin,0,,0 ,6.49B,?
Trollcoin,ASIC - Scrypt,false,https://miningpoolstats.stream/trollcoin,https://github.com/TrollCoin2/TrollCoin-2.0,1,,0 ,627.67M / 900M (69.7%),17090 TROLL
MelonHeads,ASIC - Scrypt,false,https://miningpoolstats.stream/melonheads,https://github.com/MelonousHeadous/MelonHeadsProtocol,0,,0 ,10.09M / 165M (6.1%),?
Zerozed,ASIC - Scrypt,true,https://miningpoolstats.stream/zerozed,https://github.com/ZerozedProject/zerozed,0,,0 ,22.19M / 25M (88.8%),12602 X0Z
NewEnglandCoin,ASIC - Scrypt,true,https://miningpoolstats.stream/newenglandcoin,https://github.com/ShorelineCrypto/nengcoin,28,,0 ,71.52B / 84B (85.1%),8170000 NENG
Chaucha,ASIC - Scrypt,true,https://miningpoolstats.stream/chaucha,https://github.com/proyecto-chaucha/chauchera,2,,0 ,6.15M / 123.46M (5.0%),?
TheHolyRogerCoin,ASIC - Scrypt,true,https://miningpoolstats.stream/theholyroger,https://github.com/TheHolyRogerCoin/TheHolyRogerCoin,4,,0 ,45.93M / 99M (46.4%),1000 ROGER
BitGem,ASIC - Scrypt,false,https://miningpoolstats.stream/bitgem,https://github.com/Crypto-Currency/bitgem,2,,0 ,81.92K,?
Kronecoin,ASIC - Scrypt,false,https://miningpoolstats.stream/kronecoin,https://github.com/Kronecoin/Kronecoin,0,,0 ,38.69M,?
Trinity,ASIC - Scrypt,false,https://miningpoolstats.stream/trinity-scrypt,https://github.com/5mil/Trinity,0,,0 ,0,?
Metal Music Coin,ASIC - Scrypt,false,https://miningpoolstats.stream/metalmusic,https://github.com/metalmusiccoin/MTLMCV3,0,,0 ,3.61 / 2.5B (0.0%),?
BarrelCrudeCoin,ASIC - Scrypt,true,https://miningpoolstats.stream/barrelcrudecoin,https://github.com/BarrelCrudeCoin/BarrelCrudeCoin,2,,0 ,67.76K / 1.7M (4.0%),?
Defcoin,ASIC - Scrypt,true,https://miningpoolstats.stream/defcoin,https://github.com/NaH012/defcoin,0,,0 ,62.83M / 84M (74.8%),?
Versacoin,ASIC - Scrypt,true,https://miningpoolstats.stream/versacoin,https://github.com/versacoin/versacoin,1,,0 ,69.57M / 87.97M (79.1%),?
CryptoEscudo,ASIC - Scrypt,false,https://miningpoolstats.stream/cryptoescudo,,2,,,,
FireAnts,ASIC - Scrypt,true,https://miningpoolstats.stream/fireants,https://github.com/hgr3dsm/Fireants,5,,0 ,108.12M / 21T (0.0%),59200 ANTS
RonPaulCoin,ASIC - Scrypt,false,https://miningpoolstats.stream/ronpaulcoin,https://github.com/ronpaulcoin/ronpaulcoin,0,,0 ,1.52M / 2.1M (72.5%),107.5 RPC
TILTCoin,ASIC - Scrypt,true,https://miningpoolstats.stream/tiltcoin,https://github.com/tiltcoinio/tilt,1,,0 ,11.43B,?
BunkerCoin,ASIC - Scrypt,true,https://miningpoolstats.stream/bunkercoin,https://github.com/bunkercoin-project/bunkercoin,1,,0 ,0,?
TuboPay,ASIC - Scrypt,false,https://miningpoolstats.stream/tubopay,https://github.com/TuboPay/TUBOPAY-v1.0.1,3,,0 ,5.46M,?
PapiCoin,ASIC - Scrypt,true,https://miningpoolstats.stream/papicoin,https://github.com/PapicoinProject/Papicoin,1,,0 ,47.7M,?
KatKoyn,ASIC - Scrypt,true,https://miningpoolstats.stream/katkoyn,https://github.com/nyancoin-official/nyancoin-client,0,,0 ,340.73M / 337M (101.1%),?
Mincoin,ASIC - Scrypt,true,https://miningpoolstats.stream/mincoin,https://github.com/mincoin/mincoin,0,,0 ,10M / 10M (100.0%),?
Strayacoin,ASIC - Scrypt,true,https://miningpoolstats.stream/strayacoin,https://github.com/StrayaCoin/StrayaCoin-Core,0,,0 ,23.94M / 24.81M (96.5%),1722 NAH
SongCoin,ASIC - Scrypt,false,https://miningpoolstats.stream/songcoin,https://github.com/Songcoin/Songcoin,0,,0 ,65.73M,?
BADcoin,ASIC - Scrypt,true,https://miningpoolstats.stream/badcoin-scrypt,https://github.com/ScriptProdigy/Badcoin,0,,0 ,6.49B,?
Trollcoin,ASIC - Scrypt,false,https://miningpoolstats.stream/trollcoin,https://github.com/TrollCoin2/TrollCoin-2.0,1,,0 ,627.67M / 900M (69.7%),17090 TROLL
MelonHeads,ASIC - Scrypt,false,https://miningpoolstats.stream/melonheads,https://github.com/MelonousHeadous/MelonHeadsProtocol,0,,0 ,10.09M / 165M (6.1%),?
Zerozed,ASIC - Scrypt,true,https://miningpoolstats.stream/zerozed,https://github.com/ZerozedProject/zerozed,0,,0 ,22.19M / 25M (88.8%),12602 X0Z
NewEnglandCoin,ASIC - Scrypt,true,https://miningpoolstats.stream/newenglandcoin,https://github.com/ShorelineCrypto/nengcoin,28,,0 ,71.52B / 84B (85.1%),8170000 NENG
Chaucha,ASIC - Scrypt,true,https://miningpoolstats.stream/chaucha,https://github.com/proyecto-chaucha/chauchera,2,,0 ,6.15M / 123.46M (5.0%),?
TheHolyRogerCoin,ASIC - Scrypt,true,https://miningpoolstats.stream/theholyroger,https://github.com/TheHolyRogerCoin/TheHolyRogerCoin,4,,0 ,45.93M / 99M (46.4%),1000 ROGER
BitGem,ASIC - Scrypt,false,https://miningpoolstats.stream/bitgem,https://github.com/Crypto-Currency/bitgem,2,,0 ,81.92K,?
Kronecoin,ASIC - Scrypt,false,https://miningpoolstats.stream/kronecoin,https://github.com/Kronecoin/Kronecoin,0,,0 ,38.69M,?
Trinity,ASIC - Scrypt,false,https://miningpoolstats.stream/trinity-scrypt,https://github.com/5mil/Trinity,0,,0 ,0,?
Metal Music Coin,ASIC - Scrypt,false,https://miningpoolstats.stream/metalmusic,https://github.com/metalmusiccoin/MTLMCV3,0,,0 ,3.61 / 2.5B (0.0%),?
BarrelCrudeCoin,ASIC - Scrypt,false,https://miningpoolstats.stream/barrelcrudecoin,https://github.com/BarrelCrudeCoin/BarrelCrudeCoin,2,,0 ,67.76K / 1.7M (4.0%),?
Defcoin,ASIC - Scrypt,true,https://miningpoolstats.stream/defcoin,https://github.com/NaH012/defcoin,0,,0 ,62.83M / 84M (74.8%),?
Versacoin,ASIC - Scrypt,true,https://miningpoolstats.stream/versacoin,https://github.com/versacoin/versacoin,1,,0 ,69.57M / 87.97M (79.1%),?
CryptoEscudo,ASIC - Scrypt,false,https://miningpoolstats.stream/cryptoescudo,,2,,,,
FireAnts,Scrypt,false,,,,,,,
RonPaulCoin,ASIC - Scrypt,false,https://miningpoolstats.stream/ronpaulcoin,https://github.com/ronpaulcoin/ronpaulcoin,0,,0 ,1.52M / 2.1M (72.5%),109 RPC
TILTCoin,ASIC - Scrypt,true,https://miningpoolstats.stream/tiltcoin,https://github.com/tiltcoinio/tilt,1,,0 ,11.43B,?
BunkerCoin,ASIC - Scrypt,true,https://miningpoolstats.stream/bunkercoin,https://github.com/bunkercoin-project/bunkercoin,1,,0 ,0,?
TuboPay,ASIC - Scrypt,false,https://miningpoolstats.stream/tubopay,https://github.com/TuboPay/TUBOPAY-v1.0.1,3,,0 ,5.46M,?
PapiCoin,ASIC - Scrypt,true,https://miningpoolstats.stream/papicoin,https://github.com/PapicoinProject/Papicoin,1,,0 ,47.7M,?
KatKoyn,ASIC - Scrypt,true,https://miningpoolstats.stream/katkoyn,https://github.com/nyancoin-official/nyancoin-client,0,,0 ,340.73M / 337M (101.1%),?
Mincoin,ASIC - Scrypt,true,https://miningpoolstats.stream/mincoin,https://github.com/mincoin/mincoin,0,,0 ,10M / 10M (100.0%),?
Strayacoin,ASIC - Scrypt,true,https://miningpoolstats.stream/strayacoin,https://github.com/StrayaCoin/StrayaCoin-Core,0,,0 ,23.94M / 24.81M (96.5%),1719 NAH
SongCoin,ASIC - Scrypt,false,https://miningpoolstats.stream/songcoin,https://github.com/Songcoin/Songcoin,0,,,65.73M,?
BADcoin,ASIC - Scrypt,true,https://miningpoolstats.stream/badcoin-scrypt,https://github.com/ScriptProdigy/Badcoin,0,,0 ,6.49B,?
Trollcoin,ASIC - Scrypt,false,https://miningpoolstats.stream/trollcoin,https://github.com/TrollCoin2/TrollCoin-2.0,1,,0 ,627.67M / 900M (69.7%),16656 TROLL
MelonHeads,ASIC - Scrypt,false,https://miningpoolstats.stream/melonheads,https://github.com/MelonousHeadous/MelonHeadsProtocol,0,,0 ,10.09M / 165M (6.1%),?
Zerozed,ASIC - Scrypt,true,https://miningpoolstats.stream/zerozed,https://github.com/ZerozedProject/zerozed,0,,0 ,22.19M / 25M (88.8%),13033 X0Z
NewEnglandCoin,ASIC - Scrypt,true,https://miningpoolstats.stream/newenglandcoin,https://github.com/ShorelineCrypto/nengcoin,29,,0 ,71.52B / 84B (85.1%),8445000 NENG
Chaucha,ASIC - Scrypt,true,https://miningpoolstats.stream/chaucha,https://github.com/proyecto-chaucha/chauchera,2,,0 ,6.15M / 123.46M (5.0%),?
TheHolyRogerCoin,ASIC - Scrypt,true,https://miningpoolstats.stream/theholyroger,https://github.com/TheHolyRogerCoin/TheHolyRogerCoin,4,,0 ,45.93M / 99M (46.4%),1050 ROGER
BitGem,ASIC - Scrypt,false,https://miningpoolstats.stream/bitgem,https://github.com/Crypto-Currency/bitgem,2,,0 ,81.92K,?
Kronecoin,ASIC - Scrypt,false,https://miningpoolstats.stream/kronecoin,https://github.com/Kronecoin/Kronecoin,0,,0 ,38.69M,?
Trinity,ASIC - Scrypt,false,https://miningpoolstats.stream/trinity-scrypt,https://github.com/5mil/Trinity,0,,0 ,0,?
Metal Music Coin,ASIC - Scrypt,false,https://miningpoolstats.stream/metalmusic,https://github.com/metalmusiccoin/MTLMCV3,0,,0 ,3.61 / 2.5B (0.0%),?
BarrelCrudeCoin,ASIC - Scrypt,true,https://miningpoolstats.stream/barrelcrudecoin,https://github.com/BarrelCrudeCoin/BarrelCrudeCoin,2,,0 ,67.76K / 1.7M (4.0%),?
Defcoin,ASIC - Scrypt,true,https://miningpoolstats.stream/defcoin,https://github.com/NaH012/defcoin,0,,0 ,62.83M / 84M (74.8%),?
Versacoin,ASIC - Scrypt,true,https://miningpoolstats.stream/versacoin,https://github.com/versacoin/versacoin,1,,0 ,69.57M / 87.97M (79.1%),?
CryptoEscudo,ASIC - Scrypt,false,https://miningpoolstats.stream/cryptoescudo,,2,,,,
FireAnts,ASIC - Scrypt,true,https://miningpoolstats.stream/fireants,https://github.com/hgr3dsm/Fireants,5,,0 ,108.13M / 21T (0.0%),58800 ANTS
RonPaulCoin,ASIC - Scrypt,false,https://miningpoolstats.stream/ronpaulcoin,https://github.com/ronpaulcoin/ronpaulcoin,0,,0 ,1.52M / 2.1M (72.5%),109 RPC
TILTCoin,ASIC - Scrypt,true,https://miningpoolstats.stream/tiltcoin,https://github.com/tiltcoinio/tilt,1,,0 ,11.43B,?
BunkerCoin,ASIC - Scrypt,true,https://miningpoolstats.stream/bunkercoin,https://github.com/bunkercoin-project/bunkercoin,1,,0 ,0,?
TuboPay,ASIC - Scrypt,false,https://miningpoolstats.stream/tubopay,https://github.com/TuboPay/TUBOPAY-v1.0.1,3,,0 ,5.46M,?
PapiCoin,ASIC - Scrypt,true,https://miningpoolstats.stream/papicoin,https://github.com/PapicoinProject/Papicoin,1,,0 ,47.7M,?
KatKoyn,ASIC - Scrypt,true,https://miningpoolstats.stream/katkoyn,https://github.com/nyancoin-official/nyancoin-client,0,,0 ,340.73M / 337M (101.1%),?
Mincoin,ASIC - Scrypt,true,https://miningpoolstats.stream/mincoin,https://github.com/mincoin/mincoin,0,,0 ,10M / 10M (100.0%),?
Strayacoin,ASIC - Scrypt,true,https://miningpoolstats.stream/strayacoin,https://github.com/StrayaCoin/StrayaCoin-Core,0,,0 ,23.94M / 24.81M (96.5%),1719 NAH
SongCoin,ASIC - Scrypt,false,https://miningpoolstats.stream/songcoin,https://github.com/Songcoin/Songcoin,0,,0 ,65.73M,?
BADcoin,ASIC - Scrypt,true,https://miningpoolstats.stream/badcoin-scrypt,https://github.com/ScriptProdigy/Badcoin,0,,0 ,6.49B,?
Trollcoin,ASIC - Scrypt,false,https://miningpoolstats.stream/trollcoin,https://github.com/TrollCoin2/TrollCoin-2.0,0,,0 ,627.67M / 900M (69.7%),16656 TROLL
MelonHeads,ASIC - Scrypt,false,https://miningpoolstats.stream/melonheads,https://github.com/MelonousHeadous/MelonHeadsProtocol,0,,0 ,10.09M / 165M (6.1%),?
Zerozed,ASIC - Scrypt,true,https://miningpoolstats.stream/zerozed,https://github.com/ZerozedProject/zerozed,0,,0 ,22.19M / 25M (88.8%),13033 X0Z
NewEnglandCoin,ASIC - Scrypt,true,https://miningpoolstats.stream/newenglandcoin,https://github.com/ShorelineCrypto/nengcoin,24,,0 ,71.52B / 84B (85.1%),8445000 NENG
Chaucha,ASIC - Scrypt,true,https://miningpoolstats.stream/chaucha,https://github.com/proyecto-chaucha/chauchera,2,,,6.15M / 123.46M (5.0%),?
TheHolyRogerCoin,ASIC - Scrypt,true,https://miningpoolstats.stream/theholyroger,https://github.com/TheHolyRogerCoin/TheHolyRogerCoin,4,,0 ,45.93M / 99M (46.4%),1050 ROGER
BitGem,ASIC - Scrypt,false,https://miningpoolstats.stream/bitgem,https://github.com/Crypto-Currency/bitgem,2,,0 ,81.92K,?
Kronecoin,ASIC - Scrypt,false,https://miningpoolstats.stream/kronecoin,https://github.com/Kronecoin/Kronecoin,0,,0 ,38.69M,?
Trinity,ASIC - Scrypt,false,https://miningpoolstats.stream/trinity-scrypt,https://github.com/5mil/Trinity,0,,0 ,0,?
Metal Music Coin,ASIC - Scrypt,false,https://miningpoolstats.stream/metalmusic,https://github.com/metalmusiccoin/MTLMCV3,0,,0 ,3.61 / 2.5B (0.0%),?
BarrelCrudeCoin,ASIC - Scrypt,true,https://miningpoolstats.stream/barrelcrudecoin,https://github.com/BarrelCrudeCoin/BarrelCrudeCoin,2,,0 ,67.76K / 1.7M (4.0%),?
Defcoin,ASIC - Scrypt,true,https://miningpoolstats.stream/defcoin,https://github.com/NaH012/defcoin,0,,0 ,62.83M / 84M (74.8%),?
Versacoin,ASIC - Scrypt,true,https://miningpoolstats.stream/versacoin,https://github.com/versacoin/versacoin,1,,0 ,69.57M / 87.97M (79.1%),?
CryptoEscudo,ASIC - Scrypt,false,https://miningpoolstats.stream/cryptoescudo,,2,,,,
FireAnts,ASIC - Scrypt,true,https://miningpoolstats.stream/fireants,https://github.com/hgr3dsm/Fireants,5,,0 ,108.13M / 21T (0.0%),58800 ANTS
RonPaulCoin,ASIC - Scrypt,false,https://miningpoolstats.stream/ronpaulcoin,https://github.com/ronpaulcoin/ronpaulcoin,0,,0 ,1.52M / 2.1M (72.5%),109 RPC
TILTCoin,ASIC - Scrypt,true,https://miningpoolstats.stream/tiltcoin,https://github.com/tiltcoinio/tilt,1,,0 ,11.43B,?
BunkerCoin,ASIC - Scrypt,true,https://miningpoolstats.stream/bunkercoin,https://github.com/bunkercoin-project/bunkercoin,1,,0 ,0,?
TuboPay,ASIC - Scrypt,false,https://miningpoolstats.stream/tubopay,https://github.com/TuboPay/TUBOPAY-v1.0.1,3,,0 ,5.46M,?
PapiCoin,ASIC - Scrypt,true,https://miningpoolstats.stream/papicoin,https://github.com/PapicoinProject/Papicoin,1,,0 ,47.7M,?
Reflect,ASIC - Scrypt,true,https://miningpoolstats.stream/reflect,https://github.com/Reetreflect/reet,4,,0 ,1.26M,?
